name,area,max exg,mean exg,min exg,max exr,mean exr,min exr,max exgr,mean exgr,min exgr,Gen,Frame
video0001_frame0001_R128x128.png,625,135,-3.03607177734375,-79,98,14.7816772460938,0,135,-17.8177490234375,-157,1,1
video0001_frame0002_R128x128.png,515,131,-3.44329833984375,-71,85,14.2623291015625,0,131,-17.7056274414063,-133,1,2
video0001_frame0003_R128x128.png,531,107,-4.7777099609375,-81,79,11.8535766601563,0,107,-16.6312866210938,-136,1,3
video0001_frame0004_R128x128.png,373,161,-8.6798095703125,-98,91,20.6975708007812,0,161,-29.3773803710937,-156,1,4
video0001_frame0005_R128x128.png,304,123,-1.790771484375,-88,82,16.4423217773437,0,123,-18.2330932617187,-168,1,5
video0001_frame0006_R128x128.png,558,135,-2.464599609375,-73,89,15.503173828125,0,135,-17.9677734375,-158,1,6
video0001_frame0007_R128x128.png,448,135,-0.79107666015625,-76,91,14.7554931640625,0,135,-15.5465698242188,-161,1,7
video0001_frame0008_R128x128.png,361,138,-3.3701171875,-73,86,18.3134155273438,0,138,-21.6835327148438,-135,1,8
video0001_frame0009_R128x128.png,460,145,-1.94830322265625,-105,84,24.1700439453125,0,145,-26.1183471679688,-175,1,9
video0001_frame0010_R128x128.png,361,134,-3.72662353515625,-80,86,16.6417846679688,0,134,-20.368408203125,-136,1,10
video0001_frame0011_R128x128.png,290,135,-1.7811279296875,-94,98,15.9393920898437,0,135,-17.7205200195313,-177,1,11
video0001_frame0012_R128x128.png,409,134,-3.03076171875,-87,86,17.480224609375,0,134,-20.510986328125,-151,1,12
video0002_frame0001_R128x128.png,468,167,0.666259765625,-84,79,17.6630859375,0,167,-16.996826171875,-141,2,1
video0002_frame0002_R128x128.png,680,144,0.95849609375,-72,77,16.4571533203125,0,144,-15.4986572265625,-128,2,2
video0002_frame0003_R128x128.png,1043,154,0.83978271484375,-85,82,15.6534423828125,0,154,-14.8136596679688,-146,2,3
video0002_frame0004_R128x128.png,662,142,-0.6875,-102,88,17.0172729492187,0,142,-17.7047729492188,-168,2,4
video0002_frame0005_R128x128.png,575,155,-0.20233154296875,-112,76,16.99072265625,0,155,-17.1930541992187,-172,2,5
video0002_frame0006_R128x128.png,1136,168,4.58837890625,-93,79,19.2687377929688,0,168,-14.6803588867188,-152,2,6
video0002_frame0007_R128x128.png,1266,155,6.56927490234375,-85,88,15.0759887695313,0,155,-8.5067138671875,-148,2,7
video0002_frame0008_R128x128.png,1212,149,6.586669921875,-69,88,13.9513549804688,0,149,-7.36468505859375,-151,2,8
video0002_frame0009_R128x128.png,1005,149,4.29034423828125,-65,89,20.2054443359375,0,149,-15.9151000976563,-134,2,9
video0002_frame0010_R128x128.png,1086,134,-1.98065185546875,-91,81,20.7451782226562,0,134,-22.725830078125,-149,2,10
video0002_frame0011_R128x128.png,2456,174,14.4457397460938,-81,86,17.1201171875,0,174,-2.67437744140625,-148,2,11
video0002_frame0012_R128x128.png,1856,183,12.4911499023438,-77,87,18.4006958007813,0,183,-5.9095458984375,-133,2,12
video0003_frame0001_R128x128.png,2948,158,19.9765625,-59,83,16.4720458984375,0,158,3.5045166015625,-132,3,1
video0003_frame0002_R128x128.png,2075,163,11.7295532226563,-75,80,12.6738891601563,0,163,-0.9443359375,-151,3,2
video0003_frame0003_R128x128.png,2497,158,14.465576171875,-71,83,15.50830078125,0,158,-1.042724609375,-123,3,3
video0003_frame0004_R128x128.png,2803,161,17.3634643554688,-75,81,13.2720336914063,0,161,4.0914306640625,-146,3,4
video0003_frame0005_R128x128.png,5328,156,29.9244995117187,-72,81,14.2233276367188,0,156,15.701171875,-143,3,5
video0003_frame0006_R128x128.png,2560,150,16.5965576171875,-65,87,17.1368408203125,0,150,-0.540283203125,-150,3,6
video0003_frame0007_R128x128.png,2721,162,17.6597290039063,-93,92,13.4517822265625,0,162,4.20794677734375,-185,3,7
video0003_frame0008_R128x128.png,2838,136,17.112060546875,-68,83,13.5986938476563,0,136,3.51336669921875,-142,3,8
video0003_frame0009_R128x128.png,6517,157,39.5346069335937,-85,88,10.90771484375,0,157,28.6268920898437,-140,3,9
video0003_frame0010_R128x128.png,7163,162,39.9508056640625,-58,86,13.6648559570313,0,162,26.2859497070312,-127,3,10
video0003_frame0011_R128x128.png,8117,153,48.7357177734375,-64,90,10.2549438476563,0,153,38.4807739257812,-125,3,11
video0003_frame0012_R128x128.png,5468,166,35.027587890625,-66,87,13.6420288085938,0,166,21.3855590820312,-125,3,12
video0004_frame0001_R128x128.png,490,131,-3.29327392578125,-81,88,15.2616577148438,0,131,-18.554931640625,-160,4,1
video0004_frame0002_R128x128.png,431,115,-4.88653564453125,-76,85,13.8693237304688,0,115,-18.755859375,-128,4,2
video0004_frame0003_R128x128.png,437,112,-9.96490478515625,-97,84,14.95947265625,0,112,-24.9243774414062,-146,4,3
video0004_frame0004_R128x128.png,637,131,-4.777099609375,-78,80,17.375,0,131,-22.152099609375,-135,4,4
video0004_frame0005_R128x128.png,585,133,-1.9918212890625,-66,84,13.3137817382813,0,133,-15.3056030273438,-142,4,5
video0004_frame0006_R128x128.png,295,155,-1.5970458984375,-65,86,14.3819580078125,0,155,-15.97900390625,-129,4,6
video0004_frame0007_R128x128.png,364,128,-2.569091796875,-76,89,17.3396606445313,0,128,-19.9087524414063,-139,4,7
video0004_frame0008_R128x128.png,336,173,-7.081298828125,-99,86,21.157470703125,0,173,-28.23876953125,-165,4,8
video0004_frame0009_R128x128.png,439,147,-6.73138427734375,-78,81,17.1680297851562,0,147,-23.8994140625,-138,4,9
video0004_frame0010_R128x128.png,344,124,-0.7698974609375,-67,84,19.0206909179688,0,124,-19.7905883789063,-143,4,10
video0004_frame0011_R128x128.png,581,131,0.6217041015625,-76,89,14.9260864257813,0,131,-14.3043823242188,-165,4,11
video0004_frame0012_R128x128.png,647,150,0.93597412109375,-77,85,16.169921875,0,150,-15.2339477539063,-133,4,12
video0005_frame0001_R128x128.png,502,186,-1.2445068359375,-91,76,23.5894165039062,0,186,-24.8339233398437,-151,5,1
video0005_frame0002_R128x128.png,434,154,-2.8953857421875,-76,81,14.5924682617188,0,154,-17.4878540039062,-139,5,2
video0005_frame0003_R128x128.png,438,143,0.0748291015625,-76,91,17.0547485351563,0,143,-16.9799194335938,-161,5,3
video0005_frame0004_R128x128.png,1148,147,4.46435546875,-83,86,19.3829345703125,0,147,-14.9185791015625,-147,5,4
video0005_frame0005_R128x128.png,913,179,4.14886474609375,-77,79,19.94873046875,0,179,-15.7998657226563,-149,5,5
video0005_frame0006_R128x128.png,347,143,-3.71875,-94,83,16.6985473632813,0,143,-20.4172973632812,-144,5,6
video0005_frame0007_R128x128.png,1344,156,5.8846435546875,-78,81,19.1350708007813,0,156,-13.2504272460938,-143,5,7
video0005_frame0008_R128x128.png,1284,150,5.35614013671875,-71,85,13.934326171875,0,150,-8.57818603515625,-146,5,8
video0005_frame0009_R128x128.png,1766,151,10.85791015625,-67,86,15.2788696289063,0,151,-4.42095947265625,-143,5,9
video0005_frame0010_R128x128.png,1261,143,3.29425048828125,-96,91,18.6477661132813,0,143,-15.353515625,-179,5,10
video0005_frame0011_R128x128.png,1355,142,4.56243896484375,-78,93,20.0975952148437,0,142,-15.53515625,-152,5,11
video0005_frame0012_R128x128.png,1867,170,10.033203125,-104,81,20.8728637695312,0,170,-10.8396606445313,-166,5,12
video0006_frame0001_R128x128.png,2025,150,12.889404296875,-67,82,13.3389892578125,0,150,-0.4495849609375,-144,6,1
video0006_frame0002_R128x128.png,2011,163,12.8479614257813,-72,97,14.3695678710937,0,163,-1.5216064453125,-168,6,2
video0006_frame0003_R128x128.png,4617,160,27.298095703125,-62,83,12.6051635742188,0,160,14.6929321289063,-126,6,3
video0006_frame0004_R128x128.png,5096,165,31.2028198242187,-67,82,11.96044921875,0,165,19.2423706054688,-137,6,4
video0006_frame0005_R128x128.png,2257,138,14.0491333007812,-61,86,14.7832641601563,0,138,-0.734130859375,-135,6,5
video0006_frame0006_R128x128.png,4247,157,28.7498168945312,-64,100,15.230224609375,0,157,13.5195922851563,-161,6,6
video0006_frame0007_R128x128.png,4449,152,29.4481811523437,-83,100,14.101318359375,0,152,15.3468627929688,-167,6,7
video0006_frame0008_R128x128.png,4428,153,28.5725708007812,-64,83,12.765380859375,0,153,15.8071899414063,-142,6,8
video0006_frame0009_R128x128.png,2981,157,19.7919921875,-88,86,13.0128784179688,0,157,6.77911376953125,-174,6,9
video0006_frame0010_R128x128.png,3698,175,23.4383544921875,-60,82,15.3787841796875,0,175,8.0595703125,-129,6,10
video0006_frame0011_R128x128.png,4221,153,26.9159545898437,-73,94,14.6808471679687,0,153,12.235107421875,-156,6,11
video0006_frame0012_R128x128.png,8941,167,52.8526611328125,-68,93,10.0156860351563,0,167,42.8369750976563,-142,6,12
video0007_frame0001_R128x128.png,548,134,-4.51971435546875,-95,81,15.287841796875,0,134,-19.8075561523438,-157,7,1
video0007_frame0002_R128x128.png,251,120,-6.47613525390625,-87,92,16.6930541992188,0,120,-23.169189453125,-161,7,2
video0007_frame0003_R128x128.png,475,113,-6.01025390625,-93,83,14.793212890625,0,113,-20.803466796875,-156,7,3
video0007_frame0004_R128x128.png,515,144,-3.6033935546875,-84,79,19.072021484375,0,144,-22.6754150390625,-152,7,4
video0007_frame0005_R128x128.png,479,137,-3.3238525390625,-86,82,15.57373046875,0,137,-18.8975830078125,-133,7,5
video0007_frame0006_R128x128.png,242,139,-3.64794921875,-75,100,17.5616455078125,0,139,-21.2095947265625,-146,7,6
video0007_frame0007_R128x128.png,247,129,-8.0302734375,-98,85,22.942626953125,0,129,-30.972900390625,-156,7,7
video0007_frame0008_R128x128.png,461,142,-3.08868408203125,-85,83,23.0810546875,0,142,-26.1697387695312,-147,7,8
video0007_frame0009_R128x128.png,583,150,0.61590576171875,-68,83,16.0892944335938,0,150,-15.473388671875,-144,7,9
video0007_frame0010_R128x128.png,495,132,0.4095458984375,-77,81,12.9039916992188,0,132,-12.4944458007813,-139,7,10
video0007_frame0011_R128x128.png,512,135,-1.6331787109375,-93,107,15.20654296875,0,135,-16.8397216796875,-200,7,11
video0007_frame0012_R128x128.png,476,162,-5.57928466796875,-93,83,20.3829956054687,0,162,-25.9622802734375,-160,7,12
video0008_frame0001_R128x128.png,370,135,-5.8463134765625,-80,86,16.7919311523438,0,135,-22.6382446289062,-127,8,1
video0008_frame0002_R128x128.png,458,152,-0.0069580078125,-73,92,14.6012573242188,0,152,-14.6082153320312,-156,8,2
video0008_frame0003_R128x128.png,821,152,3.143798828125,-76,85,14.58349609375,0,152,-11.439697265625,-139,8,3
video0008_frame0004_R128x128.png,677,148,-0.32159423828125,-75,84,17.239990234375,0,148,-17.5615844726563,-134,8,4
video0008_frame0005_R128x128.png,1014,185,3.14617919921875,-97,75,19.1480102539062,0,185,-16.0018310546875,-145,8,5
video0008_frame0006_R128x128.png,1370,158,7.80133056640625,-73,86,17.2185668945313,0,158,-9.417236328125,-158,8,6
video0008_frame0007_R128x128.png,947,146,1.48187255859375,-69,77,14.1295776367188,0,146,-12.647705078125,-127,8,7
video0008_frame0008_R128x128.png,2364,166,11.45166015625,-76,88,14.9530029296875,0,166,-3.5013427734375,-137,8,8
video0008_frame0009_R128x128.png,1764,148,8.55792236328125,-72,91,14.4793701171875,0,148,-5.92144775390625,-148,8,9
video0008_frame0010_R128x128.png,2329,150,12.5182495117188,-75,89,17.5777587890625,0,150,-5.05950927734375,-145,8,10
video0008_frame0011_R128x128.png,1090,166,3.899169921875,-99,82,15.8092041015625,0,166,-11.9100341796875,-154,8,11
video0008_frame0012_R128x128.png,736,154,-0.16326904296875,-79,77,16.5806274414063,0,154,-16.743896484375,-133,8,12
video0009_frame0001_R128x128.png,2150,166,12.751708984375,-78,83,14.5252685546875,0,166,-1.7735595703125,-149,9,1
video0009_frame0002_R128x128.png,2097,157,11.2225341796875,-72,88,17.1889038085938,0,157,-5.96636962890625,-147,9,2
video0009_frame0003_R128x128.png,1739,165,10.385986328125,-58,87,18.5572509765625,0,165,-8.1712646484375,-122,9,3
video0009_frame0004_R128x128.png,2124,152,13.8778686523438,-62,89,14.7220458984375,0,152,-0.84417724609375,-151,9,4
video0009_frame0005_R128x128.png,3951,157,26.077880859375,-62,85,13.6588745117188,0,157,12.4190063476563,-134,9,5
video0009_frame0006_R128x128.png,4194,169,26.8909301757812,-69,85,14.1524658203125,0,169,12.7384643554688,-149,9,6
video0009_frame0007_R128x128.png,4312,152,26.8013916015625,-68,86,15.2164306640625,0,152,11.5849609375,-146,9,7
video0009_frame0008_R128x128.png,4413,160,27.2210693359375,-71,82,12.4630737304688,0,160,14.7579956054688,-127,9,8
video0009_frame0009_R128x128.png,4595,156,29.6929321289062,-68,85,14.9051513671875,0,156,14.7877807617188,-146,9,9
video0009_frame0010_R128x128.png,5390,151,35.3759765625,-58,86,13.8534545898438,0,151,21.5225219726562,-138,9,10
video0009_frame0011_R128x128.png,6150,181,41.5479125976563,-76,91,11.43115234375,0,181,30.1167602539063,-151,9,11
video0009_frame0012_R128x128.png,4827,158,31.862060546875,-63,90,13.9916381835938,0,158,17.8704223632813,-144,9,12
video0010_frame0001_R128x128.png,414,118,-6.2554931640625,-78,81,14.9671020507812,0,118,-21.2225952148437,-136,10,1
video0010_frame0002_R128x128.png,477,113,-3.9449462890625,-72,88,15.338134765625,0,113,-19.2830810546875,-160,10,2
video0010_frame0003_R128x128.png,591,120,-4.91363525390625,-86,88,13.1262817382813,0,120,-18.0399169921875,-146,10,3
video0010_frame0004_R128x128.png,727,144,-4.4449462890625,-96,84,21.920654296875,0,144,-26.3656005859375,-157,10,4
video0010_frame0005_R128x128.png,430,113,-5.841064453125,-81,82,14.7803344726562,0,113,-20.6213989257812,-149,10,5
video0010_frame0006_R128x128.png,387,119,-5.04119873046875,-70,96,18.122802734375,0,119,-23.1640014648437,-157,10,6
video0010_frame0007_R128x128.png,324,134,-4.15118408203125,-103,86,18.3587646484375,0,134,-22.5099487304688,-171,10,7
video0010_frame0008_R128x128.png,362,146,-1.23114013671875,-77,79,21.1295776367187,0,146,-22.3607177734375,-141,10,8
video0010_frame0009_R128x128.png,343,148,-0.86749267578125,-94,85,15.8124389648437,0,148,-16.679931640625,-154,10,9
video0010_frame0010_R128x128.png,415,132,-2.03082275390625,-79,85,14.52880859375,0,132,-16.5596313476563,-143,10,10
video0010_frame0011_R128x128.png,352,137,-7.79034423828125,-101,91,20.0694580078125,0,137,-27.8598022460937,-156,10,11
video0010_frame0012_R128x128.png,395,157,-2.78277587890625,-99,76,17.3892211914063,0,157,-20.1719970703125,-156,10,12
video0011_frame0001_R128x128.png,697,151,1.708984375,-65,89,20.59375,0,151,-18.884765625,-135,11,1
video0011_frame0002_R128x128.png,641,160,1.89654541015625,-65,88,15.4375,0,160,-13.5409545898438,-142,11,2
video0011_frame0003_R128x128.png,771,150,1.052001953125,-75,81,16.321044921875,0,150,-15.26904296875,-134,11,3
video0011_frame0004_R128x128.png,603,168,-3.8941650390625,-103,80,19.699462890625,0,168,-23.5936279296875,-160,11,4
video0011_frame0005_R128x128.png,342,139,-4.713134765625,-78,76,16.3260498046875,0,139,-21.0391845703125,-126,11,5
video0011_frame0006_R128x128.png,1049,144,5.1973876953125,-75,83,15.3395385742188,0,144,-10.1421508789063,-155,11,6
video0011_frame0007_R128x128.png,968,154,4.47418212890625,-74,88,15.2476196289063,0,154,-10.7734375,-162,11,7
video0011_frame0008_R128x128.png,879,142,3.8248291015625,-64,86,15.2731323242188,0,142,-11.4483032226563,-146,11,8
video0011_frame0009_R128x128.png,1037,141,-1.61663818359375,-94,81,20.6052856445312,0,141,-22.221923828125,-158,11,9
video0011_frame0010_R128x128.png,1331,152,4.0185546875,-93,83,14.9605102539063,0,152,-10.9419555664063,-164,11,10
video0011_frame0011_R128x128.png,1795,173,9.239501953125,-113,86,16.4425048828125,0,173,-7.2030029296875,-171,11,11
video0011_frame0012_R128x128.png,2413,168,15.6691284179688,-71,86,17.316162109375,0,168,-1.64703369140625,-145,11,12
video0012_frame0001_R128x128.png,1749,150,8.76763916015625,-66,85,13.3751831054688,0,150,-4.6075439453125,-129,12,1
video0012_frame0002_R128x128.png,3982,176,22.357177734375,-61,86,15.2548217773438,0,176,7.10235595703125,-127,12,2
video0012_frame0003_R128x128.png,3293,167,22.3434448242187,-69,92,14.0232543945313,0,167,8.3201904296875,-140,12,3
video0012_frame0004_R128x128.png,3723,177,24.2406616210937,-58,83,16.2313842773438,0,177,8.00927734375,-128,12,4
video0012_frame0005_R128x128.png,3824,147,22.4957885742187,-76,89,16.31640625,0,147,6.17938232421875,-159,12,5
video0012_frame0006_R128x128.png,3030,156,12.8591918945313,-82,86,19.04150390625,0,156,-6.18231201171875,-155,12,6
video0012_frame0007_R128x128.png,3195,141,13.41650390625,-105,84,18.2400512695313,0,141,-4.82354736328125,-179,12,7
video0012_frame0008_R128x128.png,3259,141,13.1476440429688,-87,80,15.3583374023437,0,141,-2.210693359375,-147,12,8
video0012_frame0009_R128x128.png,4672,153,29.1656494140625,-74,84,13.2964477539063,0,153,15.8692016601562,-142,12,9
video0012_frame0010_R128x128.png,5402,151,33.8313598632813,-69,90,14.1437377929687,0,151,19.6876220703125,-149,12,10
video0012_frame0011_R128x128.png,4292,175,21.7092895507812,-102,84,16.99462890625,0,175,4.71466064453125,-164,12,11
video0012_frame0012_R128x128.png,7006,180,45.9412841796875,-73,82,12.1741943359375,0,180,33.76708984375,-140,12,12
video0013_frame0001_R128x128.png,561,127,-3,-82,89,14.44970703125,0,127,-17.44970703125,-161,13,1
video0013_frame0002_R128x128.png,514,114,-4.5482177734375,-79,88,14.540771484375,0,114,-19.0889892578125,-152,13,2
video0013_frame0003_R128x128.png,348,143,-8.9102783203125,-104,84,20.4955444335937,0,143,-29.4058227539062,-163,13,3
video0013_frame0004_R128x128.png,324,131,-3.1663818359375,-89,84,14.5846557617188,0,131,-17.7510375976563,-171,13,4
video0013_frame0005_R128x128.png,257,145,-2.09735107421875,-74,88,14.3321533203125,0,145,-16.4295043945312,-162,13,5
video0013_frame0006_R128x128.png,678,127,-0.98956298828125,-70,93,14.8741455078125,0,127,-15.8637084960937,-138,13,6
video0013_frame0007_R128x128.png,391,128,-3.90216064453125,-84,80,18.3074340820313,0,128,-22.2095947265625,-154,13,7
video0013_frame0008_R128x128.png,367,118,-6.91033935546875,-80,87,18.3675537109375,0,118,-25.2778930664063,-139,13,8
video0013_frame0009_R128x128.png,335,133,-4.03692626953125,-76,89,15.5179443359375,0,133,-19.5548706054688,-142,13,9
video0013_frame0010_R128x128.png,338,126,-1.8115234375,-60,86,16.0267944335938,0,126,-17.8383178710938,-133,13,10
video0013_frame0011_R128x128.png,639,151,-0.02850341796875,-75,87,16.1026000976563,0,151,-16.131103515625,-138,13,11
video0013_frame0012_R128x128.png,488,147,-1.65338134765625,-87,80,21.4483642578125,0,147,-23.1017456054687,-152,13,12
video0014_frame0001_R128x128.png,543,152,0.0921630859375,-80,87,14.7697143554688,0,152,-14.6775512695313,-144,14,1
video0014_frame0002_R128x128.png,858,149,-0.8758544921875,-90,82,16.1936645507813,0,149,-17.0695190429688,-148,14,2
video0014_frame0003_R128x128.png,543,146,-1.69207763671875,-92,83,17.1159057617188,0,146,-18.8079833984375,-157,14,3
video0014_frame0004_R128x128.png,732,170,2.50018310546875,-73,80,20.3135986328125,0,170,-17.8134155273438,-133,14,4
video0014_frame0005_R128x128.png,881,148,3.85809326171875,-71,85,12.8399047851563,0,148,-8.9818115234375,-154,14,5
video0014_frame0006_R128x128.png,784,150,0.636962890625,-75,86,13.7030639648438,0,150,-13.0661010742188,-154,14,6
video0014_frame0007_R128x128.png,1851,167,7.30181884765625,-84,85,15.9226684570313,0,167,-8.620849609375,-154,14,7
video0014_frame0008_R128x128.png,1597,156,7.79437255859375,-76,91,14.3399047851563,0,156,-6.5455322265625,-129,14,8
video0014_frame0009_R128x128.png,2248,162,12.8257446289063,-72,90,17.1904296875,0,162,-4.36468505859375,-131,14,9
video0014_frame0010_R128x128.png,1760,168,11.5986938476563,-80,83,18.29052734375,0,168,-6.69183349609375,-144,14,10
video0014_frame0011_R128x128.png,2318,142,13.8602905273438,-72,85,17.1151123046875,0,142,-3.25482177734375,-147,14,11
video0014_frame0012_R128x128.png,1804,160,10.203369140625,-71,83,14.7471923828125,0,160,-4.5438232421875,-124,14,12
video0015_frame0001_R128x128.png,1788,157,9.66546630859375,-96,83,14.4577026367188,0,157,-4.792236328125,-177,15,1
video0015_frame0002_R128x128.png,2731,173,17.696533203125,-87,87,17.41845703125,0,173,0.278076171875,-174,15,2
video0015_frame0003_R128x128.png,2215,144,6.948486328125,-78,95,20.37939453125,0,144,-13.430908203125,-123,15,3
video0015_frame0004_R128x128.png,2500,157,9.2969970703125,-99,83,19.8181762695312,0,157,-10.5211791992188,-169,15,4
video0015_frame0005_R128x128.png,2672,154,14.8040161132813,-70,86,17.4168090820313,0,154,-2.61279296875,-154,15,5
video0015_frame0006_R128x128.png,3460,161,19.658447265625,-77,84,16.7080078125,0,161,2.950439453125,-138,15,6
video0015_frame0007_R128x128.png,3599,153,19.9237670898437,-62,83,16.469970703125,0,153,3.45379638671875,-125,15,7
video0015_frame0008_R128x128.png,3674,150,18.704345703125,-81,82,16.7282104492188,0,150,1.97613525390625,-150,15,8
video0015_frame0009_R128x128.png,3450,154,19.8385009765625,-75,87,16.0556640625,0,154,3.7828369140625,-146,15,9
video0015_frame0010_R128x128.png,4051,167,24.4115600585937,-91,90,15.4865112304687,0,167,8.925048828125,-157,15,10
video0015_frame0011_R128x128.png,4928,149,28.4031372070312,-82,81,15.01611328125,0,149,13.3870239257813,-147,15,11
video0015_frame0012_R128x128.png,5440,171,33.4187622070313,-85,84,13.5977783203125,0,171,19.8209838867188,-160,15,12
video0016_frame0001_R128x128.png,486,124,-4.8656005859375,-83,87,14.0950927734375,0,124,-18.960693359375,-148,16,1
video0016_frame0002_R128x128.png,352,121,-9.33514404296875,-100,83,19.0457763671875,0,121,-28.3809204101562,-153,16,2
video0016_frame0003_R128x128.png,631,134,-4.729248046875,-98,76,16.3374633789063,0,134,-21.0667114257812,-165,16,3
video0016_frame0004_R128x128.png,511,125,-3.29779052734375,-106,83,14.5848388671875,0,125,-17.8826293945313,-148,16,4
video0016_frame0005_R128x128.png,452,115,-4.1279296875,-73,82,15.1720581054688,0,115,-19.2999877929687,-152,16,5
video0016_frame0006_R128x128.png,330,120,-3.41162109375,-75,87,16.816650390625,0,120,-20.228271484375,-138,16,6
video0016_frame0007_R128x128.png,296,181,-7.87286376953125,-113,88,20.4992065429687,0,181,-28.3720703125,-182,16,7
video0016_frame0008_R128x128.png,486,144,-0.43902587890625,-64,83,16.1837158203125,0,144,-16.6227416992188,-127,16,8
video0016_frame0009_R128x128.png,305,136,-1.178466796875,-62,81,15.3695068359375,0,136,-16.5479736328125,-125,16,9
video0016_frame0010_R128x128.png,522,123,0.60028076171875,-68,97,17.0427856445313,0,123,-16.4425048828125,-163,16,10
video0016_frame0011_R128x128.png,444,133,-2.95672607421875,-88,90,17.01318359375,0,133,-19.9699096679688,-147,16,11
video0016_frame0012_R128x128.png,469,130,-6.3187255859375,-93,87,17.255615234375,0,130,-23.5743408203125,-144,17,12
video0017_frame0001_R128x128.png,374,133,-3.44598388671875,-82,82,15.8031616210938,0,133,-19.2491455078125,-157,17,1
video0017_frame0002_R128x128.png,351,136,-1.18609619140625,-63,84,15.1636352539062,0,136,-16.3497314453125,-141,17,2
video0017_frame0003_R128x128.png,956,162,3.08612060546875,-80,87,16.65625,0,162,-13.5701293945313,-148,17,3
video0017_frame0004_R128x128.png,824,165,2.0499267578125,-93,78,23.0000610351563,0,165,-20.9501342773437,-155,17,4
video0017_frame0005_R128x128.png,1022,155,3.72760009765625,-99,82,15.625244140625,0,155,-11.8976440429688,-166,17,5
video0017_frame0006_R128x128.png,805,147,3.21417236328125,-75,91,14.8834228515625,0,147,-11.6692504882813,-166,17,6
video0017_frame0007_R128x128.png,733,140,2.71527099609375,-64,85,16.9568481445312,0,140,-14.2415771484375,-133,17,7
video0017_frame0008_R128x128.png,920,141,-2.3524169921875,-75,84,22.723876953125,0,141,-25.0762939453125,-133,17,8
video0017_frame0009_R128x128.png,1313,139,4.15625,-75,99,20.192138671875,0,139,-16.035888671875,-137,17,9
video0017_frame0010_R128x128.png,1786,186,9.2955322265625,-118,85,17.6641235351563,0,186,-8.36859130859375,-190,17,10
video0017_frame0011_R128x128.png,1636,158,9.3209228515625,-67,87,12.1644897460938,0,158,-2.84356689453125,-142,17,11
video0017_frame0012_R128x128.png,1463,158,6.1719970703125,-91,82,13.735107421875,0,158,-7.5631103515625,-166,17,12
video0018_frame0001_R128x128.png,678,146,2.09124755859375,-78,83,14.9805908203125,0,146,-12.8893432617188,-142,18,1
video0018_frame0002_R128x128.png,351,136,-1.18609619140625,-63,84,15.1636352539062,0,136,-16.3497314453125,-141,18,2
video0018_frame0003_R128x128.png,858,149,-0.8758544921875,-90,82,16.1936645507813,0,149,-17.0695190429688,-148,18,3
video0018_frame0004_R128x128.png,531,149,-0.66424560546875,-74,84,14.5108032226563,0,149,-15.175048828125,-140,18,4
video0018_frame0005_R128x128.png,641,160,1.89654541015625,-65,88,15.4375,0,160,-13.5409545898438,-142,18,5
video0018_frame0006_R128x128.png,458,152,-0.0069580078125,-73,92,14.6012573242188,0,152,-14.6082153320312,-156,18,6
video0018_frame0007_R128x128.png,434,154,-2.8953857421875,-76,81,14.5924682617188,0,154,-17.4878540039062,-139,18,7
video0018_frame0008_R128x128.png,680,144,0.95849609375,-72,77,16.4571533203125,0,144,-15.4986572265625,-128,18,8
video0018_frame0009_R128x128.png,525,154,1.00543212890625,-77,88,15.4502563476563,0,154,-14.44482421875,-154,18,9
video0018_frame0010_R128x128.png,824,155,3.0809326171875,-71,88,13.9871215820313,0,155,-10.9061889648438,-148,18,10
video0018_frame0011_R128x128.png,291,140,-5.57867431640625,-75,80,18.2494506835938,0,140,-23.828125,-142,18,11
video0018_frame0012_R128x128.png,655,173,0.5616455078125,-102,78,17.8955078125,0,173,-17.3338623046875,-156,18,12
video0019_frame0001_R128x128.png,601,158,1.25335693359375,-88,80,20.5147094726563,0,158,-19.2613525390625,-151,19,1
video0019_frame0002_R128x128.png,412,157,-1.51702880859375,-88,76,15.4338989257813,0,157,-16.950927734375,-156,19,2
video0019_frame0003_R128x128.png,551,174,-5.13677978515625,-100,84,20.5240478515625,0,174,-25.6608276367187,-164,19,3
video0019_frame0004_R128x128.png,579,137,-1.03143310546875,-84,87,19.4889526367188,0,137,-20.5203857421875,-138,19,4
video0019_frame0005_R128x128.png,956,162,3.08612060546875,-80,87,16.65625,0,162,-13.5701293945313,-148,19,5
video0019_frame0006_R128x128.png,543,146,-1.69207763671875,-92,83,17.1159057617188,0,146,-18.8079833984375,-157,19,6
video0019_frame0007_R128x128.png,490,135,-6.14776611328125,-96,90,21.9925537109375,0,135,-28.1403198242187,-158,19,7
video0019_frame0008_R128x128.png,771,150,1.052001953125,-75,81,16.321044921875,0,150,-15.26904296875,-134,19,8
video0019_frame0009_R128x128.png,821,152,3.143798828125,-76,85,14.58349609375,0,152,-11.439697265625,-139,19,9
video0019_frame0010_R128x128.png,438,143,0.0748291015625,-76,91,17.0547485351563,0,143,-16.9799194335938,-161,19,10
video0019_frame0011_R128x128.png,1043,154,0.83978271484375,-85,82,15.6534423828125,0,154,-14.8136596679688,-146,19,11
video0019_frame0012_R128x128.png,649,144,0.2574462890625,-74,85,16.6988525390625,0,144,-16.44140625,-138,19,12
video0020_frame0001_R128x128.png,771,158,3.30828857421875,-71,91,16.1500854492188,0,158,-12.841796875,-154,20,1
video0020_frame0002_R128x128.png,568,148,0.96624755859375,-81,100,15.5379028320313,0,148,-14.5716552734375,-181,20,2
video0020_frame0003_R128x128.png,542,147,-1.9114990234375,-74,79,14.7899169921875,0,147,-16.701416015625,-149,20,3
video0020_frame0004_R128x128.png,844,155,2.41510009765625,-90,79,14.1799926757813,0,155,-11.764892578125,-161,20,4
video0020_frame0005_R128x128.png,699,140,2.07958984375,-67,90,19.7113647460937,0,140,-17.6317749023438,-133,20,5
video0020_frame0006_R128x128.png,995,160,4.6314697265625,-76,90,15.0576782226563,0,160,-10.4262084960938,-138,20,6
video0020_frame0007_R128x128.png,256,145,-5.44354248046875,-90,81,16.6611938476563,0,145,-22.104736328125,-163,20,7
video0020_frame0008_R128x128.png,824,165,2.0499267578125,-93,78,23.0000610351563,0,165,-20.9501342773437,-155,20,8
video0020_frame0009_R128x128.png,732,170,2.50018310546875,-73,80,20.3135986328125,0,170,-17.8134155273438,-133,20,9
video0020_frame0010_R128x128.png,474,155,-0.620849609375,-96,76,16.8419189453125,0,155,-17.4627685546875,-155,20,10
video0020_frame0011_R128x128.png,603,168,-3.8941650390625,-103,80,19.699462890625,0,168,-23.5936279296875,-160,20,11
video0020_frame0012_R128x128.png,677,148,-0.32159423828125,-75,84,17.239990234375,0,148,-17.5615844726563,-134,20,12
video0021_frame0001_R128x128.png,1148,147,4.46435546875,-83,86,19.3829345703125,0,147,-14.9185791015625,-147,22,1
video0021_frame0002_R128x128.png,662,142,-0.6875,-102,88,17.0172729492187,0,142,-17.7047729492188,-168,22,2
video0021_frame0003_R128x128.png,573,146,-5.5625,-103,83,21.82373046875,0,146,-27.38623046875,-163,22,3
video0021_frame0004_R128x128.png,921,148,2.08111572265625,-86,81,15.2350463867187,0,148,-13.1539306640625,-155,22,4
video0021_frame0005_R128x128.png,992,148,4.26708984375,-64,88,20.4375,0,148,-16.17041015625,-136,22,5
video0021_frame0006_R128x128.png,526,140,0.50909423828125,-74,81,15.3268432617188,0,140,-14.8177490234375,-153,22,6
video0021_frame0007_R128x128.png,1306,153,2.9503173828125,-70,86,16.3302612304688,0,153,-13.3799438476563,-147,22,7
video0021_frame0008_R128x128.png,812,145,1.16925048828125,-84,84,15.6016845703125,0,145,-14.4324340820312,-164,22,8
video0021_frame0009_R128x128.png,697,143,1.94793701171875,-69,92,16.8228149414063,0,143,-14.8748779296875,-148,22,9
video0021_frame0010_R128x128.png,652,169,-0.73773193359375,-71,76,14.5509643554688,0,169,-15.2886962890625,-131,22,10
video0021_frame0011_R128x128.png,1022,155,3.72760009765625,-99,82,15.625244140625,0,155,-11.8976440429688,-166,22,11
video0021_frame0012_R128x128.png,881,148,3.85809326171875,-71,85,12.8399047851563,0,148,-8.9818115234375,-154,22,12
video0022_frame0001_R128x128.png,1145,168,5.7569580078125,-63,79,16.6190185546875,0,168,-10.862060546875,-142,23,1
video0022_frame0002_R128x128.png,342,139,-4.713134765625,-78,76,16.3260498046875,0,139,-21.0391845703125,-126,23,2
video0022_frame0003_R128x128.png,1014,185,3.14617919921875,-97,75,19.1480102539062,0,185,-16.0018310546875,-145,23,3
video0022_frame0004_R128x128.png,913,179,4.14886474609375,-77,79,19.94873046875,0,179,-15.7998657226563,-149,23,4
video0022_frame0005_R128x128.png,575,155,-0.20233154296875,-112,76,16.99072265625,0,155,-17.1930541992187,-172,23,5
video0022_frame0006_R128x128.png,746,138,0.449951171875,-76,89,21.0103759765625,0,138,-20.5604248046875,-138,23,6
video0022_frame0007_R128x128.png,1313,151,6.08599853515625,-86,93,18.807373046875,0,151,-12.7213745117188,-160,23,7
video0022_frame0008_R128x128.png,717,143,-0.23211669921875,-74,94,18.0408935546875,0,143,-18.2730102539063,-150,23,8
video0022_frame0009_R128x128.png,676,141,-4.41876220703125,-94,85,21.96533203125,0,141,-26.3840942382812,-162,23,9
video0022_frame0010_R128x128.png,1096,139,3.73236083984375,-76,81,16.4994506835938,0,139,-12.76708984375,-140,23,10
video0022_frame0011_R128x128.png,1142,147,6.12384033203125,-63,87,15.0363159179688,0,147,-8.9124755859375,-141,23,11
video0022_frame0012_R128x128.png,613,137,1.62396240234375,-72,86,15.5370483398438,0,137,-13.9130859375,-144,23,12
video0023_frame0001_R128x128.png,1515,164,4.52093505859375,-71,82,16.4150390625,0,164,-11.8941040039063,-146,24,1
video0023_frame0002_R128x128.png,913,158,2.8900146484375,-73,77,13.709228515625,0,158,-10.8192138671875,-137,24,2
video0023_frame0003_R128x128.png,805,147,3.21417236328125,-75,91,14.8834228515625,0,147,-11.6692504882813,-166,24,3
video0023_frame0004_R128x128.png,784,150,0.636962890625,-75,86,13.7030639648438,0,150,-13.0661010742188,-154,24,4
video0023_frame0005_R128x128.png,1140,159,5.01031494140625,-88,81,15.0052490234375,0,159,-9.99493408203125,-137,24,5
video0023_frame0006_R128x128.png,1049,144,5.1973876953125,-75,83,15.3395385742188,0,144,-10.1421508789063,-155,24,6
video0023_frame0007_R128x128.png,1370,158,7.80133056640625,-73,86,17.2185668945313,0,158,-9.417236328125,-158,24,7
video0023_frame0008_R128x128.png,347,143,-3.71875,-94,83,16.6985473632813,0,143,-20.4172973632812,-144,24,8
video0023_frame0009_R128x128.png,1136,168,4.58837890625,-93,79,19.2687377929688,0,168,-14.6803588867188,-152,24,9
video0023_frame0010_R128x128.png,1098,169,5.9261474609375,-76,88,19.5308227539062,0,169,-13.6046752929688,-135,24,10
video0023_frame0011_R128x128.png,610,201,1.03466796875,-83,82,18.2368774414062,0,201,-17.2022094726562,-137,24,11
video0023_frame0012_R128x128.png,905,141,1.25238037109375,-93,82,18.8842163085938,0,141,-17.6318359375,-165,24,12
video0024_frame0001_R128x128.png,1621,166,8.48236083984375,-68,87,15.9119262695312,0,166,-7.4295654296875,-133,25,1
video0024_frame0002_R128x128.png,864,150,0.6199951171875,-84,86,20.3040771484375,0,150,-19.68408203125,-141,25,2
video0024_frame0003_R128x128.png,742,155,-4.07781982421875,-132,83,21.6102294921875,0,155,-25.6880493164063,-198,25,3
video0024_frame0004_R128x128.png,1282,164,4.50970458984375,-76,88,20.3628540039062,0,164,-15.8531494140625,-162,25,4
video0024_frame0005_R128x128.png,1332,154,7.50946044921875,-71,89,15.044677734375,0,154,-7.53521728515625,-158,25,5
video0024_frame0006_R128x128.png,733,140,2.71527099609375,-64,85,16.9568481445312,0,140,-14.2415771484375,-133,25,6
video0024_frame0007_R128x128.png,1851,167,7.30181884765625,-84,85,15.9226684570313,0,167,-8.620849609375,-154,25,7
video0024_frame0008_R128x128.png,1076,156,3.5263671875,-94,80,14.2206420898437,0,156,-10.6942749023438,-173,25,8
video0024_frame0009_R128x128.png,968,154,4.47418212890625,-74,88,15.2476196289063,0,154,-10.7734375,-162,25,9
video0024_frame0010_R128x128.png,947,146,1.48187255859375,-69,77,14.1295776367188,0,146,-12.647705078125,-127,25,10
video0024_frame0011_R128x128.png,1344,156,5.8846435546875,-78,81,19.1350708007813,0,156,-13.2504272460938,-143,25,11
video0024_frame0012_R128x128.png,1266,155,6.56927490234375,-85,88,15.0759887695313,0,155,-8.5067138671875,-148,25,12
video0025_frame0001_R128x128.png,1678,146,9.8231201171875,-64,82,17.0332641601563,0,146,-7.21014404296875,-124,26,1
video0025_frame0002_R128x128.png,432,148,-3.45574951171875,-78,81,18.4273071289062,0,148,-21.883056640625,-148,26,2
video0025_frame0003_R128x128.png,1292,169,5.53021240234375,-88,79,18.1759643554688,0,169,-12.645751953125,-140,26,3
video0025_frame0004_R128x128.png,1301,165,7.1971435546875,-81,77,19.323974609375,0,165,-12.1268310546875,-143,26,4
video0025_frame0005_R128x128.png,736,167,1.6231689453125,-84,77,19.9615478515625,0,167,-18.33837890625,-140,26,5
video0025_frame0006_R128x128.png,1127,162,3.1092529296875,-83,89,17.3639526367187,0,162,-14.2546997070313,-137,26,6
video0025_frame0007_R128x128.png,2044,169,11.4544067382813,-72,86,17.5957641601563,0,169,-6.141357421875,-131,26,7
video0025_frame0008_R128x128.png,1045,145,2.3023681640625,-92,83,18.5656127929688,0,145,-16.2632446289063,-156,26,8
video0025_frame0009_R128x128.png,920,141,-2.3524169921875,-75,84,22.723876953125,0,141,-25.0762939453125,-133,26,9
video0025_frame0010_R128x128.png,1597,156,7.79437255859375,-76,91,14.3399047851563,0,156,-6.5455322265625,-129,26,10
video0025_frame0011_R128x128.png,1626,174,9.30975341796875,-65,90,19.2757568359375,0,174,-9.96600341796875,-153,26,11
video0025_frame0012_R128x128.png,879,142,3.8248291015625,-64,86,15.2731323242188,0,142,-11.4483032226563,-146,26,12
video0026_frame0001_R128x128.png,2364,166,11.45166015625,-76,88,14.9530029296875,0,166,-3.5013427734375,-137,27,1
video0026_frame0002_R128x128.png,1284,150,5.35614013671875,-71,85,13.934326171875,0,150,-8.57818603515625,-146,27,2
video0026_frame0003_R128x128.png,1212,149,6.586669921875,-69,88,13.9513549804688,0,149,-7.36468505859375,-151,27,3
video0026_frame0004_R128x128.png,1185,154,3.68560791015625,-73,93,17.1226806640625,0,154,-13.4370727539063,-136,27,4
video0026_frame0005_R128x128.png,1552,153,8.0361328125,-75,81,14.4210205078125,0,153,-6.3848876953125,-122,27,5
video0026_frame0006_R128x128.png,1514,151,8.79937744140625,-89,87,13.78369140625,0,151,-4.98431396484375,-135,27,6
video0026_frame0007_R128x128.png,2044,170,13.3555297851563,-70,85,15.65185546875,0,170,-2.29632568359375,-154,27,7
video0026_frame0008_R128x128.png,551,155,-2.19403076171875,-85,82,16.2455444335938,0,155,-18.4395751953125,-145,27,8
video0026_frame0009_R128x128.png,1561,188,7.91650390625,-105,78,21.5867919921875,0,188,-13.6702880859375,-175,27,9
video0026_frame0010_R128x128.png,1596,176,10.1112060546875,-78,80,17.5556030273437,0,176,-7.44439697265625,-133,27,10
video0026_frame0011_R128x128.png,939,165,3.59326171875,-88,73,16.6937866210937,0,165,-13.1005249023438,-161,27,11
video0026_frame0012_R128x128.png,1313,139,4.15625,-75,99,20.192138671875,0,139,-16.035888671875,-137,27,12
video0027_frame0001_R128x128.png,2248,162,12.8257446289063,-72,90,17.1904296875,0,162,-4.36468505859375,-131,28,1
video0027_frame0002_R128x128.png,1209,150,3.48504638671875,-93,87,18.1920166015625,0,150,-14.7069702148438,-148,28,2
video0027_frame0003_R128x128.png,1037,141,-1.61663818359375,-94,81,20.6052856445312,0,141,-22.221923828125,-158,28,3
video0027_frame0004_R128x128.png,1764,148,8.55792236328125,-72,91,14.4793701171875,0,148,-5.92144775390625,-148,28,4
video0027_frame0005_R128x128.png,1766,151,10.85791015625,-67,86,15.2788696289063,0,151,-4.42095947265625,-143,28,5
video0027_frame0006_R128x128.png,1005,149,4.29034423828125,-65,89,20.2054443359375,0,149,-15.9151000976563,-134,28,6
video0027_frame0007_R128x128.png,2610,149,12.1607055664063,-78,83,15.2647705078125,0,149,-3.10406494140625,-123,28,7
video0027_frame0008_R128x128.png,1403,159,6.24127197265625,-74,87,13.8079223632813,0,159,-7.566650390625,-138,28,8
video0027_frame0009_R128x128.png,1288,141,6.772705078125,-54,84,20.0962524414062,0,141,-13.3235473632813,-134,28,9
video0027_frame0010_R128x128.png,1329,158,5.125,-74,81,13.658203125,0,158,-8.533203125,-149,28,10
video0027_frame0011_R128x128.png,1678,150,8.2996826171875,-66,84,18.7717895507813,0,150,-10.4721069335938,-116,28,11
video0027_frame0012_R128x128.png,1587,152,8.92498779296875,-92,85,16.4912719726563,0,152,-7.5662841796875,-166,28,12
video0028_frame0001_R128x128.png,2188,156,14.1620483398437,-72,79,14.6143798828125,0,156,-0.45233154296875,-146,29,1
video0028_frame0002_R128x128.png,668,146,-1.276123046875,-88,75,15.8379516601563,0,146,-17.1140747070313,-141,29,2
video0028_frame0003_R128x128.png,1786,186,9.2955322265625,-118,85,17.6641235351563,0,186,-8.36859130859375,-190,29,3
video0028_frame0004_R128x128.png,1760,168,11.5986938476563,-80,83,18.29052734375,0,168,-6.69183349609375,-144,29,4
video0028_frame0005_R128x128.png,1036,180,4.271728515625,-96,87,16.1881103515625,0,180,-11.9163818359375,-166,29,5
video0028_frame0006_R128x128.png,1331,152,4.0185546875,-93,83,14.9605102539063,0,152,-10.9419555664063,-164,29,6
video0028_frame0007_R128x128.png,2329,150,12.5182495117188,-75,89,17.5777587890625,0,150,-5.05950927734375,-145,29,7
video0028_frame0008_R128x128.png,1261,143,3.29425048828125,-96,91,18.6477661132813,0,143,-15.353515625,-179,29,8
video0028_frame0009_R128x128.png,1086,134,-1.98065185546875,-91,81,20.7451782226562,0,134,-22.725830078125,-149,29,9
video0028_frame0010_R128x128.png,1880,143,8.8677978515625,-77,88,15.2257080078125,0,143,-6.35791015625,-148,29,10
video0028_frame0011_R128x128.png,1829,155,10.5114135742188,-78,85,14.5279541015625,0,155,-4.01654052734375,-151,29,11
video0028_frame0012_R128x128.png,1023,141,4.427978515625,-79,88,13.8496704101563,0,141,-9.42169189453125,-167,29,12
video0029_frame0001_R128x128.png,2662,155,12.4082641601563,-79,90,14.5844116210937,0,155,-2.1761474609375,-130,30,1
video0029_frame0002_R128x128.png,1444,147,5.96820068359375,-72,85,15.5227661132813,0,147,-9.5545654296875,-127,30,2
video0029_frame0003_R128x128.png,1365,150,7.19036865234375,-68,83,13.6978759765625,0,150,-6.50750732421875,-147,30,3
video0029_frame0004_R128x128.png,1378,150,4.89312744140625,-71,85,14.5803833007813,0,150,-9.687255859375,-129,30,4
video0029_frame0005_R128x128.png,1728,148,8.7745361328125,-76,80,14.9901733398438,0,148,-6.21563720703125,-140,30,5
video0029_frame0006_R128x128.png,1636,158,9.3209228515625,-67,87,12.1644897460938,0,158,-2.84356689453125,-142,30,6
video0029_frame0007_R128x128.png,2318,142,13.8602905273438,-72,85,17.1151123046875,0,142,-3.25482177734375,-147,30,7
video0029_frame0008_R128x128.png,710,156,-1.2314453125,-95,84,14.8173828125,0,156,-16.048828125,-134,30,8
video0029_frame0009_R128x128.png,1795,173,9.239501953125,-113,86,16.4425048828125,0,173,-7.2030029296875,-171,30,9
video0029_frame0010_R128x128.png,1773,170,11.2880859375,-75,83,15.7449340820313,0,170,-4.45684814453125,-136,30,10
video0029_frame0011_R128x128.png,1090,166,3.899169921875,-99,82,15.8092041015625,0,166,-11.9100341796875,-154,30,11
video0029_frame0012_R128x128.png,1355,142,4.56243896484375,-78,93,20.0975952148437,0,142,-15.53515625,-152,30,12
video0030_frame0001_R128x128.png,2456,174,14.4457397460938,-81,86,17.1201171875,0,174,-2.67437744140625,-148,31,1
video0030_frame0002_R128x128.png,1290,151,3.89605712890625,-69,83,19.830810546875,0,151,-15.9347534179688,-128,31,2
video0030_frame0003_R128x128.png,1216,138,-0.4862060546875,-97,82,20.466796875,0,138,-20.9530029296875,-149,31,3
video0030_frame0004_R128x128.png,1931,177,9.87591552734375,-81,85,19.16943359375,0,177,-9.29351806640625,-150,31,4
video0030_frame0005_R128x128.png,1958,164,12.0592041015625,-78,92,16.449462890625,0,164,-4.3902587890625,-147,31,5
video0030_frame0006_R128x128.png,1062,144,4.70953369140625,-67,94,20.0984497070313,0,144,-15.388916015625,-152,31,6
video0030_frame0007_R128x128.png,2828,146,13.1798095703125,-73,90,19.9476318359375,0,146,-6.767822265625,-155,31,7
video0030_frame0008_R128x128.png,1533,159,7.55499267578125,-66,84,13.2975463867188,0,159,-5.7425537109375,-139,31,8
video0030_frame0009_R128x128.png,1429,166,8.34326171875,-71,93,14.5901489257813,0,166,-6.24688720703125,-152,31,9
video0030_frame0010_R128x128.png,1463,158,6.1719970703125,-91,82,13.735107421875,0,158,-7.5631103515625,-166,31,10
video0030_frame0011_R128x128.png,1804,160,10.203369140625,-71,83,14.7471923828125,0,160,-4.5438232421875,-124,31,11
video0030_frame0012_R128x128.png,1745,166,9.818115234375,-72,88,17.8316650390625,0,166,-8.0135498046875,-136,31,12
video0031_frame0001_R128x128.png,2413,168,15.6691284179688,-71,86,17.316162109375,0,168,-1.64703369140625,-145,32,1
video0031_frame0002_R128x128.png,736,154,-0.16326904296875,-79,77,16.5806274414063,0,154,-16.743896484375,-133,32,2
video0031_frame0003_R128x128.png,1867,170,10.033203125,-104,81,20.8728637695312,0,170,-10.8396606445313,-166,32,3
video0031_frame0004_R128x128.png,1856,183,12.4911499023438,-77,87,18.4006958007813,0,183,-5.9095458984375,-133,32,4
video0031_frame0005_R128x128.png,1081,177,5.04351806640625,-84,86,17.3430786132813,0,177,-12.299560546875,-145,32,5
video0031_frame0006_R128x128.png,1660,145,6.9857177734375,-70,81,19.36767578125,0,145,-12.3819580078125,-132,32,6
video0031_frame0007_R128x128.png,2970,166,18.0284423828125,-72,87,16.5548706054688,0,166,1.47357177734375,-130,32,7
video0031_frame0008_R128x128.png,1537,175,6.23193359375,-81,92,19.0065307617187,0,175,-12.7745971679688,-143,32,8
video0031_frame0009_R128x128.png,1485,140,2.12396240234375,-92,84,19.9737548828125,0,140,-17.8497924804687,-152,32,9
video0031_frame0010_R128x128.png,2176,168,11.7869873046875,-67,85,18.7752075195312,0,168,-6.98822021484375,-136,32,10
video0031_frame0011_R128x128.png,2290,148,13.8932495117188,-67,87,18.1983642578125,0,148,-4.30511474609375,-143,32,11
video0031_frame0012_R128x128.png,1241,145,6.61614990234375,-59,85,17.802490234375,0,145,-11.1863403320313,-138,32,12
video0032_frame0001_R128x128.png,3300,166,17.4837036132813,-74,86,16.9888305664063,0,166,0.494873046875,-134,33,1
video0032_frame0002_R128x128.png,1788,157,9.66546630859375,-96,83,14.4577026367188,0,157,-4.792236328125,-177,33,2
video0032_frame0003_R128x128.png,1717,168,10.4327392578125,-61,87,16.3848266601563,0,168,-5.95208740234375,-145,33,3
video0032_frame0004_R128x128.png,1749,150,8.76763916015625,-66,85,13.3751831054688,0,150,-4.6075439453125,-129,33,4
video0032_frame0005_R128x128.png,2150,166,12.751708984375,-78,83,14.5252685546875,0,166,-1.7735595703125,-149,33,5
video0032_frame0006_R128x128.png,2025,150,12.889404296875,-67,82,13.3389892578125,0,150,-0.4495849609375,-144,33,6
video0032_frame0007_R128x128.png,2948,158,19.9765625,-59,83,16.4720458984375,0,158,3.5045166015625,-132,33,7
video0032_frame0008_R128x128.png,911,149,1.53900146484375,-81,84,15.3380126953125,0,149,-13.7990112304688,-137,33,8
video0032_frame0009_R128x128.png,2251,184,13.1827392578125,-95,78,20.2422485351562,0,184,-7.05950927734375,-155,33,9
video0032_frame0010_R128x128.png,2116,179,14.9408569335937,-72,78,17.9364013671875,0,179,-2.99554443359375,-128,33,10
video0032_frame0011_R128x128.png,1298,180,6.6834716796875,-90,80,20.216064453125,0,180,-13.5325927734375,-163,33,11
video0032_frame0012_R128x128.png,2026,157,9.504638671875,-66,91,18.9075317382812,0,157,-9.40289306640625,-119,33,12
video0033_frame0001_R128x128.png,3544,171,22.539306640625,-90,90,15.623291015625,0,171,6.916015625,-154,34,1
video0033_frame0002_R128x128.png,1831,173,8.7069091796875,-85,91,18.6497192382813,0,173,-9.94281005859375,-174,34,2
video0033_frame0003_R128x128.png,1831,174,4.1112060546875,-91,90,20.8941650390625,0,174,-16.782958984375,-151,34,3
video0033_frame0004_R128x128.png,2641,174,15.4469604492188,-68,89,17.7526245117188,0,174,-2.3056640625,-137,34,4
video0033_frame0005_R128x128.png,2731,173,17.696533203125,-87,87,17.41845703125,0,173,0.278076171875,-174,34,5
video0033_frame0006_R128x128.png,1476,150,8.709716796875,-60,89,18.2000732421875,0,150,-9.4903564453125,-147,34,6
video0033_frame0007_R128x128.png,3982,176,22.357177734375,-61,86,15.2548217773438,0,176,7.10235595703125,-127,34,7
video0033_frame0008_R128x128.png,2097,157,11.2225341796875,-72,88,17.1889038085938,0,157,-5.96636962890625,-147,34,8
video0033_frame0009_R128x128.png,2011,163,12.8479614257813,-72,97,14.3695678710937,0,163,-1.5216064453125,-168,34,9
video0033_frame0010_R128x128.png,2075,163,11.7295532226563,-75,80,12.6738891601563,0,163,-0.9443359375,-151,34,10
video0033_frame0011_R128x128.png,2619,182,16.4271850585938,-72,90,14.2899169921875,0,182,2.13726806640625,-139,34,11
video0033_frame0012_R128x128.png,2303,170,14.8270874023438,-65,83,16.9051513671875,0,170,-2.07806396484375,-141,34,12
video0034_frame0001_R128x128.png,3553,164,24.0064086914062,-58,82,15.6546630859375,0,164,8.35174560546875,-130,35,1
video0034_frame0002_R128x128.png,1054,151,3.513671875,-74,93,15.2403564453125,0,151,-11.7266845703125,-147,35,2
video0034_frame0003_R128x128.png,2659,177,16.7715454101563,-104,75,19.5747680664062,0,177,-2.80322265625,-168,35,3
video0034_frame0004_R128x128.png,2518,193,18.3385009765625,-75,82,17.0025634765625,0,193,1.3359375,-134,35,4
video0034_frame0005_R128x128.png,1612,165,9.51544189453125,-73,88,17.932373046875,0,165,-8.41693115234375,-132,35,5
video0034_frame0006_R128x128.png,2556,153,13.0953369140625,-73,92,18.1910400390625,0,153,-5.095703125,-132,35,6
video0034_frame0007_R128x128.png,2174,186,11.3709106445313,-84,88,18.2886962890625,0,186,-6.91778564453125,-158,35,7
video0034_frame0008_R128x128.png,2215,144,6.948486328125,-78,95,20.37939453125,0,144,-13.430908203125,-123,35,8
video0034_frame0009_R128x128.png,3195,169,18.9691162109375,-90,94,17.1707153320313,0,169,1.79840087890625,-166,35,9
video0034_frame0010_R128x128.png,3293,167,22.3434448242187,-69,92,14.0232543945313,0,167,8.3201904296875,-140,35,10
video0034_frame0011_R128x128.png,1739,165,10.385986328125,-58,87,18.5572509765625,0,165,-8.1712646484375,-122,35,11
video0034_frame0012_R128x128.png,4617,160,27.298095703125,-62,83,12.6051635742188,0,160,14.6929321289063,-126,35,12
video0035_frame0001_R128x128.png,2497,158,14.465576171875,-71,83,15.50830078125,0,158,-1.042724609375,-123,36,1
video0035_frame0002_R128x128.png,2326,147,14.211669921875,-61,84,18.3052368164062,0,147,-4.09356689453125,-137,36,2
video0035_frame0003_R128x128.png,3023,162,18.60400390625,-78,82,17.0282592773437,0,162,1.57574462890625,-143,36,3
video0035_frame0004_R128x128.png,2594,166,17.6102294921875,-75,86,12.784423828125,0,166,4.8258056640625,-141,36,4
video0035_frame0005_R128x128.png,4050,167,28.8233032226562,-63,82,12.8674926757813,0,167,15.955810546875,-145,36,5
video0035_frame0006_R128x128.png,1218,160,5.110107421875,-80,80,14.6593627929688,0,160,-9.54925537109375,-129,36,6
video0035_frame0007_R128x128.png,3160,171,20.9439086914062,-92,89,18.7928466796875,0,171,2.15106201171875,-162,36,7
video0035_frame0008_R128x128.png,2993,187,22.6240844726563,-75,83,16.2908325195313,0,187,6.333251953125,-130,36,8
video0035_frame0009_R128x128.png,1861,173,12.8013305664063,-82,79,14.6010131835938,0,173,-1.7996826171875,-154,36,9
video0035_frame0010_R128x128.png,2929,158,15.7981567382813,-79,102,17.718505859375,0,158,-1.92034912109375,-150,36,10
video0035_frame0011_R128x128.png,2482,169,13.8692016601563,-95,87,17.8369140625,0,169,-3.96771240234375,-148,36,11
video0035_frame0012_R128x128.png,2500,157,9.2969970703125,-99,83,19.8181762695312,0,157,-10.5211791992188,-169,36,12
video0036_frame0001_R128x128.png,3624,175,21.4580078125,-71,86,16.3027954101563,0,175,5.15521240234375,-146,37,1
video0036_frame0002_R128x128.png,3723,177,24.2406616210937,-58,83,16.2313842773438,0,177,8.00927734375,-128,37,2
video0036_frame0003_R128x128.png,2124,152,13.8778686523438,-62,89,14.7220458984375,0,152,-0.84417724609375,-151,37,3
video0036_frame0004_R128x128.png,5096,165,31.2028198242187,-67,82,11.96044921875,0,165,19.2423706054688,-137,37,4
video0036_frame0005_R128x128.png,2803,161,17.3634643554688,-75,81,13.2720336914063,0,161,4.0914306640625,-146,37,5
video0036_frame0006_R128x128.png,2644,178,16.7540893554688,-57,83,17.9117431640625,0,178,-1.15765380859375,-126,37,6
video0036_frame0007_R128x128.png,3353,150,20.7449340820312,-71,82,15.5761108398438,0,150,5.1688232421875,-132,37,7
video0036_frame0008_R128x128.png,2880,156,18.6043090820312,-72,90,16.1351928710938,0,156,2.4691162109375,-150,37,8
video0036_frame0009_R128x128.png,4589,171,31.9578247070312,-61,85,14.5283203125,0,171,17.4295043945313,-131,37,9
video0036_frame0010_R128x128.png,1441,158,7.52142333984375,-66,81,13.9644165039063,0,158,-6.4429931640625,-144,37,10
video0036_frame0011_R128x128.png,3799,179,25.6524658203125,-95,79,17.7188110351563,0,179,7.93365478515625,-168,37,11
video0036_frame0012_R128x128.png,3380,207,25.6907958984375,-85,77,15.7184448242187,0,207,9.97235107421875,-153,37,12
video0037_frame0001_R128x128.png,2181,172,14.9081420898438,-80,78,16.981689453125,0,172,-2.07354736328125,-141,38,1
video0037_frame0002_R128x128.png,3199,149,17.0892944335937,-84,85,17.515869140625,0,149,-0.42657470703125,-140,38,2
video0037_frame0003_R128x128.png,2672,154,14.8040161132813,-70,86,17.4168090820313,0,154,-2.61279296875,-154,38,3
video0037_frame0004_R128x128.png,2692,145,10.3931274414063,-87,78,16.4260864257813,0,145,-6.032958984375,-136,38,4
video0037_frame0005_R128x128.png,3824,147,22.4957885742187,-76,89,16.31640625,0,147,6.17938232421875,-159,38,5
video0037_frame0006_R128x128.png,3951,157,26.077880859375,-62,85,13.6588745117188,0,157,12.4190063476563,-134,38,6
video0037_frame0007_R128x128.png,2257,138,14.0491333007812,-61,86,14.7832641601563,0,138,-0.734130859375,-135,38,7
video0037_frame0008_R128x128.png,5328,156,29.9244995117187,-72,81,14.2233276367188,0,156,15.701171875,-143,38,8
video0037_frame0009_R128x128.png,2980,151,17.7001342773438,-76,91,12.9813842773438,0,151,4.71875,-157,38,9
video0037_frame0010_R128x128.png,2757,165,17.238037109375,-61,85,16.21533203125,0,165,1.022705078125,-142,38,10
video0037_frame0011_R128x128.png,3592,163,21.9910278320312,-80,87,16.0185546875,0,163,5.97247314453125,-145,38,11
video0037_frame0012_R128x128.png,3025,153,18.6459350585938,-62,85,16.1974487304688,0,153,2.448486328125,-143,38,12
video0038_frame0001_R128x128.png,4844,156,32.0768432617187,-64,88,14.1864624023437,0,156,17.890380859375,-134,39,1
video0038_frame0002_R128x128.png,1643,153,8.44073486328125,-79,73,13.6278686523438,0,153,-5.1871337890625,-133,39,2
video0038_frame0003_R128x128.png,4058,183,27.1006469726562,-93,83,17.1187744140625,0,183,9.98187255859375,-150,39,3
video0038_frame0004_R128x128.png,3529,168,25.3095703125,-82,82,15.6055297851562,0,168,9.70404052734375,-140,39,4
video0038_frame0005_R128x128.png,2337,184,16.4393920898438,-83,80,14.4291381835938,0,184,2.01025390625,-157,39,5
video0038_frame0006_R128x128.png,3460,161,19.658447265625,-77,84,16.7080078125,0,161,2.950439453125,-138,39,6
video0038_frame0007_R128x128.png,3076,159,17.6822509765625,-83,84,16.5092163085938,0,159,1.17303466796875,-155,39,7
video0038_frame0008_R128x128.png,3030,156,12.8591918945313,-82,86,19.04150390625,0,156,-6.18231201171875,-155,39,8
video0038_frame0009_R128x128.png,4194,169,26.8909301757812,-69,85,14.1524658203125,0,169,12.7384643554688,-149,39,9
video0038_frame0010_R128x128.png,4247,157,28.7498168945312,-64,100,15.230224609375,0,157,13.5195922851563,-161,39,10
video0038_frame0011_R128x128.png,2560,150,16.5965576171875,-65,87,17.1368408203125,0,150,-0.540283203125,-150,39,11
video0038_frame0012_R128x128.png,5935,160,36.939697265625,-65,84,12.06005859375,0,160,24.879638671875,-127,39,12
video0039_frame0001_R128x128.png,3266,159,19.3485717773438,-65,83,16.5132446289063,0,159,2.8353271484375,-133,40,1
video0039_frame0002_R128x128.png,3122,149,19.8880615234375,-67,96,16.8756713867187,0,149,3.01239013671875,-163,40,2
video0039_frame0003_R128x128.png,4036,172,25.844970703125,-65,88,15.4972534179688,0,172,10.3477172851563,-127,40,3
video0039_frame0004_R128x128.png,3384,151,22.4458618164063,-68,84,15.306884765625,0,151,7.13897705078125,-140,40,4
video0039_frame0005_R128x128.png,5304,174,37.4530639648437,-66,91,13.1602783203125,0,174,24.2927856445313,-150,40,5
video0039_frame0006_R128x128.png,4442,182,31.4976806640625,-84,81,16.2850952148438,0,182,15.2125854492188,-142,40,6
video0039_frame0007_R128x128.png,3915,197,30.0874633789063,-94,85,15.0623779296875,0,197,15.0250854492187,-179,40,7
video0039_frame0008_R128x128.png,2658,170,18.1685180664062,-94,86,17.9000244140625,0,170,0.26849365234375,-170,40,8
video0039_frame0009_R128x128.png,3599,153,19.9237670898437,-62,83,16.469970703125,0,153,3.45379638671875,-125,40,9
video0039_frame0010_R128x128.png,3221,155,17.9548950195313,-73,85,16.3515625,0,155,1.60333251953125,-131,40,10
video0039_frame0011_R128x128.png,3195,141,13.41650390625,-105,84,18.2400512695313,0,141,-4.82354736328125,-179,40,11
video0039_frame0012_R128x128.png,4312,152,26.8013916015625,-68,86,15.2164306640625,0,152,11.5849609375,-146,40,12
video0040_frame0001_R128x128.png,4449,152,29.4481811523437,-83,100,14.101318359375,0,152,15.3468627929688,-167,41,1
video0040_frame0002_R128x128.png,2721,162,17.6597290039063,-93,92,13.4517822265625,0,162,4.20794677734375,-185,41,2
video0040_frame0003_R128x128.png,6255,155,37.379638671875,-61,84,11.2027587890625,0,155,26.1768798828125,-120,41,3
video0040_frame0004_R128x128.png,3441,151,21.2348022460937,-80,79,12.4732666015625,0,151,8.76153564453125,-140,41,4
video0040_frame0005_R128x128.png,3224,158,22.063232421875,-64,84,12.6325073242188,0,158,9.43072509765625,-135,41,5
video0040_frame0006_R128x128.png,4154,158,25.8170776367187,-78,80,14.4305419921875,0,158,11.3865356445313,-142,41,6
video0040_frame0007_R128x128.png,3543,169,22.4837646484375,-59,85,15.0650634765625,0,169,7.418701171875,-136,41,7
video0040_frame0008_R128x128.png,5538,164,39.509521484375,-84,90,10.68115234375,0,164,28.828369140625,-153,41,8
video0040_frame0009_R128x128.png,4610,180,32.5277709960937,-92,78,15.8944702148438,0,180,16.63330078125,-153,41,9
video0040_frame0010_R128x128.png,4053,184,29.7811279296875,-88,84,14.8381958007813,0,184,14.9429321289063,-156,41,10
video0040_frame0011_R128x128.png,2829,175,18.9595947265625,-82,77,17.4297485351563,0,175,1.52984619140625,-154,41,11
video0040_frame0012_R128x128.png,3674,150,18.704345703125,-81,82,16.7282104492188,0,150,1.97613525390625,-150,41,12
video0041_frame0001_R128x128.png,3303,155,17.6278686523438,-81,87,16.7052001953125,0,155,0.92266845703125,-145,42,1
video0041_frame0002_R128x128.png,3259,141,13.1476440429688,-87,80,15.3583374023437,0,141,-2.210693359375,-147,42,2
video0041_frame0003_R128x128.png,4413,160,27.2210693359375,-71,82,12.4630737304688,0,160,14.7579956054688,-127,42,3
video0041_frame0004_R128x128.png,4428,153,28.5725708007812,-64,83,12.765380859375,0,153,15.8071899414063,-142,42,4
video0041_frame0005_R128x128.png,2838,136,17.112060546875,-68,83,13.5986938476563,0,136,3.51336669921875,-142,42,5
video0041_frame0006_R128x128.png,6252,158,33.900146484375,-66,88,13.480224609375,0,158,20.419921875,-142,42,6
video0041_frame0007_R128x128.png,3538,149,20.3687744140625,-68,91,12.4496459960938,0,149,7.91912841796875,-150,42,7
video0041_frame0008_R128x128.png,3274,156,21.4266967773437,-66,83,12.3297119140625,0,156,9.09698486328125,-141,42,8
video0041_frame0009_R128x128.png,4266,148,26.0848999023437,-88,91,12.912841796875,0,148,13.1720581054688,-156,42,9
video0041_frame0010_R128x128.png,3606,151,23.1907348632812,-74,82,12.7839965820313,0,151,10.40673828125,-142,42,10
video0041_frame0011_R128x128.png,5531,155,35.4325561523437,-59,86,13.4574584960938,0,155,21.97509765625,-131,42,11
video0041_frame0012_R128x128.png,4673,166,29.7503662109375,-99,83,16.165283203125,0,166,13.5850830078125,-176,42,12
video0042_frame0001_R128x128.png,4048,180,28.4158325195312,-78,83,14.9207763671875,0,180,13.4950561523438,-134,43,1
video0042_frame0002_R128x128.png,2902,160,18.5101318359375,-84,76,17.4548950195312,0,160,1.05523681640625,-158,43,2
video0042_frame0003_R128x128.png,3895,157,20.975830078125,-69,89,16.3429565429688,0,157,4.63287353515625,-132,43,3
video0042_frame0004_R128x128.png,3450,154,19.8385009765625,-75,87,16.0556640625,0,154,3.7828369140625,-146,43,4
video0042_frame0005_R128x128.png,3397,158,14.6969604492188,-84,83,18.5270385742188,0,158,-3.830078125,-147,43,5
video0042_frame0006_R128x128.png,4672,153,29.1656494140625,-74,84,13.2964477539063,0,153,15.8692016601562,-142,43,6
video0042_frame0007_R128x128.png,4595,156,29.6929321289062,-68,85,14.9051513671875,0,156,14.7877807617188,-146,43,7
video0042_frame0008_R128x128.png,2981,157,19.7919921875,-88,86,13.0128784179688,0,157,6.77911376953125,-174,43,8
video0042_frame0009_R128x128.png,6517,157,39.5346069335937,-85,88,10.90771484375,0,157,28.6268920898437,-140,43,9
video0042_frame0010_R128x128.png,3674,145,22.3362426757812,-80,84,13.6015014648438,0,145,8.7347412109375,-139,43,10
video0042_frame0011_R128x128.png,3450,142,21.7095947265625,-65,88,16.1166381835938,0,142,5.59295654296875,-153,43,11
video0042_frame0012_R128x128.png,4423,154,29.7322998046875,-77,85,11.8071899414063,0,154,17.9251098632813,-138,43,12
video0043_frame0001_R128x128.png,3786,154,24.730224609375,-59,90,14.9171752929688,0,154,9.81304931640625,-132,44,1
video0043_frame0002_R128x128.png,5776,170,38.2822265625,-59,83,12.8325805664063,0,170,25.4496459960937,-142,44,2
video0043_frame0003_R128x128.png,4865,191,34.0509643554687,-84,84,15.9163818359375,0,191,18.1345825195313,-136,44,3
video0043_frame0004_R128x128.png,4235,184,31.4247436523438,-78,83,14.6174926757813,0,184,16.8072509765625,-136,44,4
video0043_frame0005_R128x128.png,2992,170,21.502197265625,-96,79,13.7615356445313,0,170,7.74066162109375,-168,44,5
video0043_frame0006_R128x128.png,4559,161,25.8507690429687,-65,85,15.4291381835937,0,161,10.421630859375,-116,44,6
video0043_frame0007_R128x128.png,4051,167,24.4115600585937,-91,90,15.4865112304687,0,167,8.925048828125,-157,44,7
video0043_frame0008_R128x128.png,3841,184,17.905517578125,-65,84,17.5630493164063,0,184,0.34246826171875,-121,44,8
video0043_frame0009_R128x128.png,5402,151,33.8313598632813,-69,90,14.1437377929687,0,151,19.6876220703125,-149,44,9
video0043_frame0010_R128x128.png,5390,151,35.3759765625,-58,86,13.8534545898438,0,151,21.5225219726562,-138,44,10
video0043_frame0011_R128x128.png,3698,175,23.4383544921875,-60,82,15.3787841796875,0,175,8.0595703125,-129,44,11
video0043_frame0012_R128x128.png,7163,162,39.9508056640625,-58,86,13.6648559570313,0,162,26.2859497070312,-127,44,12
video0044_frame0001_R128x128.png,4191,159,27.088134765625,-84,84,12.2147216796875,0,159,14.8734130859375,-157,45,1
video0044_frame0002_R128x128.png,3907,162,24.9158325195312,-72,90,15.668212890625,0,162,9.24761962890625,-162,45,2
video0044_frame0003_R128x128.png,5424,149,35.1384887695312,-61,83,13.3788452148438,0,149,21.7596435546875,-134,45,3
video0044_frame0004_R128x128.png,4423,155,29.5550537109375,-75,85,13.7254028320313,0,155,15.8296508789063,-146,45,4
video0044_frame0005_R128x128.png,6491,158,42.9520874023438,-58,81,12.0596923828125,0,158,30.8923950195312,-129,45,5
video0044_frame0006_R128x128.png,2540,172,16.2638549804688,-66,79,14.1510009765625,0,172,2.11285400390625,-113,45,6
video0044_frame0007_R128x128.png,5527,184,38.7155151367187,-89,81,15.0957641601563,0,184,23.6197509765625,-149,45,7
video0044_frame0008_R128x128.png,4770,191,36.1743774414062,-71,81,13.800537109375,0,191,22.3738403320313,-139,45,8
video0044_frame0009_R128x128.png,3498,177,24.6920166015625,-76,82,16.1963500976562,0,177,8.49566650390625,-142,45,9
video0044_frame0010_R128x128.png,4928,149,28.4031372070312,-82,81,15.01611328125,0,149,13.3870239257813,-147,45,10
video0044_frame0011_R128x128.png,4734,178,29.1815185546875,-73,88,14.52978515625,0,178,14.6517333984375,-137,45,11
video0044_frame0012_R128x128.png,4292,175,21.7092895507812,-102,84,16.99462890625,0,175,4.71466064453125,-164,45,12
video0045_frame0001_R128x128.png,6150,181,41.5479125976563,-76,91,11.43115234375,0,181,30.1167602539063,-151,46,1
video0045_frame0002_R128x128.png,4221,153,26.9159545898437,-73,94,14.6808471679687,0,153,12.235107421875,-156,46,2
video0045_frame0003_R128x128.png,8117,153,48.7357177734375,-64,90,10.2549438476563,0,153,38.4807739257812,-125,46,3
video0045_frame0004_R128x128.png,4851,149,30.4490966796875,-65,89,13.3312377929688,0,149,17.1178588867188,-154,46,4
video0045_frame0005_R128x128.png,4424,138,26.6764526367187,-52,86,14.5338745117188,0,138,12.142578125,-135,46,5
video0045_frame0006_R128x128.png,5917,164,39.3222045898437,-69,84,12.88671875,0,164,26.4354858398437,-119,46,6
video0045_frame0007_R128x128.png,4856,166,32.782470703125,-69,85,13.8921508789063,0,166,18.8903198242188,-137,46,7
video0045_frame0008_R128x128.png,3014,163,18.82861328125,-84,86,17.9212646484375,0,163,0.9073486328125,-139,46,8
video0045_frame0009_R128x128.png,5889,180,42.3068237304688,-87,79,14.623779296875,0,180,27.6830444335937,-139,46,9
video0045_frame0010_R128x128.png,5322,207,41.4154663085938,-65,82,13.3382568359375,0,207,28.0772094726562,-139,46,10
video0045_frame0011_R128x128.png,4074,178,29.1940307617187,-81,82,15.6697387695313,0,178,13.5242919921875,-149,46,11
video0045_frame0012_R128x128.png,5321,159,31.8711547851562,-77,90,14.4454345703125,0,159,17.4257202148438,-141,46,12
video0046_frame0001_R128x128.png,5440,171,33.4187622070313,-85,84,13.5977783203125,0,171,19.8209838867188,-160,47,1
video0046_frame0002_R128x128.png,4829,144,25.0831909179688,-81,84,15.9915161132813,0,144,9.0916748046875,-136,47,2
video0046_frame0003_R128x128.png,7006,180,45.9412841796875,-73,82,12.1741943359375,0,180,33.76708984375,-140,47,3
video0046_frame0004_R128x128.png,4827,158,31.862060546875,-63,90,13.9916381835938,0,158,17.8704223632813,-144,47,4
video0046_frame0005_R128x128.png,8941,167,52.8526611328125,-68,93,10.0156860351563,0,167,42.8369750976563,-142,47,5
video0046_frame0006_R128x128.png,5468,166,35.027587890625,-66,87,13.6420288085938,0,166,21.3855590820312,-125,47,6
video0046_frame0007_R128x128.png,4894,150,30.407470703125,-61,75,12.0278930664063,0,150,18.3795776367187,-135,47,7
video0046_frame0008_R128x128.png,6583,174,44.173583984375,-58,81,12.01025390625,0,174,32.163330078125,-112,47,8
video0046_frame0009_R128x128.png,5333,169,36.108154296875,-60,84,13.1416625976563,0,169,22.9664916992188,-128,47,9
video0046_frame0010_R128x128.png,3531,158,24.2076416015625,-73,82,14.4839477539063,0,158,9.72369384765625,-122,47,10
video0046_frame0011_R128x128.png,6504,187,48.1485595703125,-71,80,13.621337890625,0,187,34.5272216796875,-124,47,11
video0046_frame0012_R128x128.png,5958,191,45.65185546875,-68,75,12.5098876953125,0,191,33.1419677734375,-132,47,12
video0047_frame0001_R128x128.png,4695,176,35.26513671875,-107,89,15.0729370117188,0,176,20.1921997070312,-179,48,1
video0047_frame0002_R128x128.png,6407,153,38.8184204101562,-60,81,12.8154296875,0,153,26.0029907226563,-117,48,2
video0047_frame0003_R128x128.png,6268,175,40.1897583007812,-68,88,12.873291015625,0,175,27.3164672851563,-130,48,3
video0047_frame0004_R128x128.png,8162,171,53.4808959960938,-65,88,10.6746215820313,0,171,42.8062744140625,-144,48,4
video0047_frame0005_R128x128.png,9655,163,59.3735961914063,-60,87,8.41162109375,0,163,50.9619750976563,-125,48,5
video0047_frame0006_R128x128.png,6155,153,39.9482421875,-81,90,12.4922485351563,0,153,27.4559936523437,-156,48,6
video0047_frame0007_R128x128.png,5695,169,35.8616333007812,-55,84,13.5838623046875,0,169,22.2777709960937,-139,48,7
video0047_frame0008_R128x128.png,7460,161,49.8635864257813,-65,87,11.0149536132813,0,161,38.8486328125,-141,48,8
video0047_frame0009_R128x128.png,6056,168,41.9654541015625,-58,84,12.2465209960938,0,168,29.7189331054687,-126,48,9
video0047_frame0010_R128x128.png,4160,167,30.287353515625,-75,80,12.8048706054688,0,167,17.4824829101563,-128,48,10
video0047_frame0011_R128x128.png,7179,222,53.4865112304688,-86,80,12.7098388671875,0,222,40.7766723632813,-145,48,11
video0047_frame0012_R128x128.png,7119,171,44.172607421875,-71,82,12.023193359375,0,171,32.1494140625,-133,48,12
video0048_frame0001_R128x128.png,7114,160,45.9727172851563,-77,86,11.7857055664063,0,160,34.18701171875,-147,49,1
video0048_frame0002_R128x128.png,9155,162,60.5018920898438,-52,91,9.41693115234375,0,162,51.0849609375,-124,49,2
video0048_frame0003_R128x128.png,6102,175,42.9310913085938,-66,84,10.84716796875,0,175,32.0839233398438,-147,49,3
video0048_frame0004_R128x128.png,10204,165,65.0757446289063,-68,87,6.91217041015625,0,165,58.16357421875,-155,49,4
video0048_frame0005_R128x128.png,6566,162,44.38134765625,-66,89,13.1486206054688,0,162,31.2327270507812,-150,49,5
video0048_frame0006_R128x128.png,8252,170,55.3857421875,-67,84,9.9454345703125,0,170,45.4403076171875,-126,49,6
video0048_frame0007_R128x128.png,4838,168,32.8516235351562,-60,82,15.1917724609375,0,168,17.6598510742188,-125,49,7
video0048_frame0008_R128x128.png,8052,196,59.3855590820313,-93,78,11.1373291015625,0,196,48.2482299804687,-158,49,8
video0048_frame0009_R128x128.png,7563,161,47.0947265625,-64,85,11.36181640625,0,161,35.73291015625,-123,49,9
video0048_frame0010_R128x128.png,10110,169,67.1649780273438,-61,88,7.6748046875,0,169,59.4901733398438,-144,49,10
video0048_frame0011_R128x128.png,7510,163,52.4307861328125,-54,88,11.0037231445313,0,163,41.4270629882813,-131,49,11
video0048_frame0012_R128x128.png,5648,179,41.393798828125,-67,81,12.2857055664063,0,179,29.1080932617187,-134,49,12
video0049_frame0001_R128x128.png,7956,158,47.6278076171875,-77,81,10.6646118164063,0,158,36.9631958007812,-126,50,1
video0049_frame0002_R128x128.png,10757,175,68.5228271484375,-60,93,6.84893798828125,0,175,61.6738891601563,-153,50,2
video0049_frame0003_R128x128.png,7978,153,51.2007446289063,-63,87,11.390625,0,153,39.8101196289062,-150,50,3
video0049_frame0004_R128x128.png,5985,169,41.78857421875,-74,81,11.222412109375,0,169,30.566162109375,-135,50,4
video0049_frame0005_R128x128.png,8333,161,52.6129760742188,-76,84,9.89990234375,0,161,42.7130737304688,-145,50,5
video0049_frame0006_R128x128.png,11330,176,75.1168212890625,-45,84,6.05389404296875,0,176,69.0629272460938,-117,50,6
video0049_frame0007_R128x128.png,8173,167,55.2633056640625,-68,89,11.1034545898438,0,167,44.1598510742188,-156,50,7
video0049_frame0008_R128x128.png,6268,193,43.1499633789062,-67,83,13.6179809570313,0,193,29.531982421875,-113,50,8
video0049_frame0009_R128x128.png,8893,192,61.2249755859375,-88,77,9.9127197265625,0,192,51.312255859375,-162,50,9
video0049_frame0010_R128x128.png,9028,184,59.4139404296875,-71,84,9.08148193359375,0,184,50.3324584960938,-136,50,10
video0049_frame0011_R128x128.png,11901,184,77.7236328125,-41,84,5.1702880859375,0,184,72.5533447265625,-113,50,11
video0049_frame0012_R128x128.png,12532,172,78.4638671875,-61,84,4.42034912109375,0,172,74.0435180664062,-126,50,12
video0050_frame0001_R128x128.png,8998,133,47.3754272460937,-55,68,7.9417724609375,0,133,39.4336547851562,-122,51,1
video0050_frame0002_R128x128.png,7054,171,45.8360595703125,-65,82,12.6929321289063,0,171,33.1431274414062,-132,51,2
video0050_frame0003_R128x128.png,7949,193,60.2863159179688,-76,80,10.8652954101563,0,193,49.4210205078125,-142,51,3
video0050_frame0004_R128x128.png,9750,205,70.559326171875,-79,87,9.40521240234375,0,205,61.1541137695312,-149,51,4
video0050_frame0005_R128x128.png,9350,178,60.9949951171875,-82,86,8.48419189453125,0,178,52.5108032226563,-157,51,5
video0050_frame0006_R128x128.png,12389,181,80.8289794921875,-60,84,4.6610107421875,0,181,76.16796875,-135,51,6
video0050_frame0007_R128x128.png,12899,172,82.5069580078125,-46,74,3.15191650390625,0,172,79.3550415039063,-112,51,7
video0050_frame0008_R128x128.png,9463,144,56.6737670898438,-51,90,8.6673583984375,0,144,48.0064086914063,-121,51,8
video0050_frame0009_R128x128.png,7603,175,50.3285522460938,-62,86,12.114501953125,0,175,38.2140502929687,-127,51,9
video0050_frame0010_R128x128.png,8746,200,65.4520874023438,-83,80,9.81182861328125,0,200,55.6402587890625,-150,51,10
video0050_frame0011_R128x128.png,10147,211,75.3541870117188,-93,85,8.94158935546875,0,211,66.41259765625,-146,51,11
video0050_frame0012_R128x128.png,12763,176,83.6387329101563,-70,78,3.9063720703125,0,176,79.7323608398438,-146,51,12
video0051_frame0001_R128x128.png,13259,181,90.0547485351563,-60,78,2.6744384765625,0,181,87.3803100585937,-133,,
video0051_frame0002_R128x128.png,8715,162,58.0235595703125,-73,82,10.6712646484375,0,162,47.352294921875,-127,,
video0051_frame0003_R128x128.png,9682,204,73.2747192382813,-77,77,8.5823974609375,0,204,64.6923217773437,-148,,
video0051_frame0004_R128x128.png,10668,207,76.9349975585938,-77,80,8.0950927734375,0,207,68.8399047851563,-148,,
video0051_frame0005_R128x128.png,13382,180,89.0647583007813,-46,85,2.8643798828125,0,180,86.2003784179688,-106,,
video0051_frame0006_R128x128.png,9933,176,67.4857177734375,-77,79,8.9344482421875,0,176,58.55126953125,-132,,
video0051_frame0007_R128x128.png,10607,211,83.4232177734375,-67,80,7.39434814453125,0,211,76.0288696289063,-133,,
video0051_frame0008_R128x128.png,11145,205,78.7800903320313,-69,77,6.93310546875,0,205,71.8469848632813,-143,,
video0051_frame0009_R128x128.png,11253,171,76.0972900390625,-55,85,4.8302001953125,0,171,71.26708984375,-108,,
video0051_frame0010_R128x128.png,13781,174,93.41015625,-70,82,2.75347900390625,0,174,90.6566772460937,-152,,
video0051_frame0011_R128x128.png,13742,183,90.3289794921875,-56,86,2.8524169921875,0,183,87.4765625,-125,,
video0051_frame0012_R128x128.png,12643,169,85.7791748046875,-48,78,3.7869873046875,0,169,81.9921875,-103,,
