"name","area pred","max exg  pred","mean exg pred","min exg pred","max exr pred","mean exr pred","min exr pred","max exgr ped","mean exgr pred","min exgr pred","","Gen ","Frame","","area gt","max exg gt","mean exg gt","min exg gt","max exr gt","mean exr gt","min exr gt","max exgr gt","mean exgr gt","min exgr gt"
"video0001_frame0001_R128x128.png","625","135","-3.0360717773438","-79","98","14.781677246094","0","135","-17.817749023438","-157","","1","1","","625","135","-3.0360717773438","-79","98","14.781677246094","0","135","-17.817749023438","-157"
"video0001_frame0002_R128x128.png","515","131","-3.4432983398438","-71","85","14.262329101562","0","131","-17.705627441406","-133","","1","2","","515","131","-3.4432983398438","-71","85","14.262329101562","0","131","-17.705627441406","-133"
"video0001_frame0003_R128x128.png","531","107","-4.7777099609375","-81","79","11.853576660156","0","107","-16.631286621094","-136","","1","3","","531","107","-4.7777099609375","-81","79","11.853576660156","0","107","-16.631286621094","-136"
"video0001_frame0004_R128x128.png","373","161","-8.6798095703125","-98","91","20.697570800781","0","161","-29.377380371094","-156","","1","4","","373","161","-8.6798095703125","-98","91","20.697570800781","0","161","-29.377380371094","-156"
"video0001_frame0005_R128x128.png","304","123","-1.790771484375","-88","82","16.442321777344","0","123","-18.233093261719","-168","","1","5","","304","123","-1.790771484375","-88","82","16.442321777344","0","123","-18.233093261719","-168"
"video0001_frame0006_R128x128.png","558","135","-2.464599609375","-73","89","15.503173828125","0","135","-17.9677734375","-158","","1","6","","558","135","-2.464599609375","-73","89","15.503173828125","0","135","-17.9677734375","-158"
"video0001_frame0007_R128x128.png","448","135","-0.79107666015625","-76","91","14.755493164062","0","135","-15.546569824219","-161","","1","7","","372","117","-4.964599609375","-76","95","17.57275390625","0","117","-22.537353515625","-138"
"video0001_frame0008_R128x128.png","361","138","-3.3701171875","-73","86","18.313415527344","0","138","-21.683532714844","-135","","1","8","","402","129","-5.6617431640625","-72","88","16.897216796875","0","129","-22.558959960938","-121"
"video0001_frame0009_R128x128.png","460","145","-1.9483032226562","-105","84","24.170043945312","0","145","-26.118347167969","-175","","1","9","","326","111","-4.61181640625","-70","87","20.214233398438","0","111","-24.826049804688","-142"
"video0001_frame0010_R128x128.png","361","134","-3.7266235351562","-80","86","16.641784667969","0","134","-20.368408203125","-136","","1","10","","356","126","-3.6250610351562","-63","84","15.312866210938","0","126","-18.937927246094","-118"
"video0001_frame0011_R128x128.png","290","135","-1.7811279296875","-94","98","15.939392089844","0","135","-17.720520019531","-177","","1","11","","319","119","-5.2026977539062","-74","86","16.172302246094","0","119","-21.375","-148"
"video0001_frame0012_R128x128.png","409","134","-3.03076171875","-87","86","17.480224609375","0","134","-20.510986328125","-151","","1","12","","327","142","-6.2168579101562","-83","93","19.799194335938","0","142","-26.016052246094","-151"
"video0002_frame0001_R128x128.png","468","167","0.666259765625","-84","79","17.6630859375","0","167","-16.996826171875","-141","","2","1","","468","167","0.666259765625","-84","79","17.6630859375","0","167","-16.996826171875","-141"
"video0002_frame0002_R128x128.png","680","144","0.95849609375","-72","77","16.457153320312","0","144","-15.498657226562","-128","","2","2","","680","144","0.95849609375","-72","77","16.457153320312","0","144","-15.498657226562","-128"
"video0002_frame0003_R128x128.png","1043","154","0.83978271484375","-85","82","15.653442382812","0","154","-14.813659667969","-146","","2","3","","1043","154","0.83978271484375","-85","82","15.653442382812","0","154","-14.813659667969","-146"
"video0002_frame0004_R128x128.png","662","142","-0.6875","-102","88","17.017272949219","0","142","-17.704772949219","-168","","2","4","","662","142","-0.6875","-102","88","17.017272949219","0","142","-17.704772949219","-168"
"video0002_frame0005_R128x128.png","575","155","-0.20233154296875","-112","76","16.99072265625","0","155","-17.193054199219","-172","","2","5","","575","155","-0.20233154296875","-112","76","16.99072265625","0","155","-17.193054199219","-172"
"video0002_frame0006_R128x128.png","1136","168","4.58837890625","-93","79","19.268737792969","0","168","-14.680358886719","-152","","2","6","","1136","168","4.58837890625","-93","79","19.268737792969","0","168","-14.680358886719","-152"
"video0002_frame0007_R128x128.png","1266","155","6.5692749023438","-85","88","15.075988769531","0","155","-8.5067138671875","-148","","2","7","","1206","157","4.0847778320312","-68","88","17.377563476562","0","157","-13.292785644531","-137"
"video0002_frame0008_R128x128.png","1212","149","6.586669921875","-69","88","13.951354980469","0","149","-7.3646850585938","-151","","2","8","","773","152","-1.059814453125","-85","90","17.407104492188","0","152","-18.466918945312","-136"
"video0002_frame0009_R128x128.png","1005","149","4.2903442382812","-65","89","20.205444335938","0","149","-15.915100097656","-134","","2","9","","729","143","-0.795654296875","-59","82","19.261169433594","0","143","-20.056823730469","-115"
"video0002_frame0010_R128x128.png","1086","134","-1.9806518554688","-91","81","20.745178222656","0","134","-22.725830078125","-149","","2","10","","1010","153","1.00048828125","-71","94","14.518188476562","0","153","-13.517700195312","-135"
"video0002_frame0011_R128x128.png","2456","174","14.445739746094","-81","86","17.1201171875","0","174","-2.6743774414062","-148","","2","11","","974","136","-0.45849609375","-84","83","17.357788085938","0","136","-17.816284179688","-139"
"video0002_frame0012_R128x128.png","1856","183","12.491149902344","-77","87","18.400695800781","0","183","-5.9095458984375","-133","","2","12","","708","146","-2.152587890625","-72","86","18.731567382812","0","146","-20.884155273438","-150"
"video0003_frame0001_R128x128.png","2948","158","19.9765625","-59","83","16.472045898438","0","158","3.5045166015625","-132","","3","1","","2948","158","19.9765625","-59","83","16.472045898438","0","158","3.5045166015625","-132"
"video0003_frame0002_R128x128.png","2075","163","11.729553222656","-75","80","12.673889160156","0","163","-0.9443359375","-151","","3","2","","2075","163","11.729553222656","-75","80","12.673889160156","0","163","-0.9443359375","-151"
"video0003_frame0003_R128x128.png","2497","158","14.465576171875","-71","83","15.50830078125","0","158","-1.042724609375","-123","","3","3","","2497","158","14.465576171875","-71","83","15.50830078125","0","158","-1.042724609375","-123"
"video0003_frame0004_R128x128.png","2803","161","17.363464355469","-75","81","13.272033691406","0","161","4.0914306640625","-146","","3","4","","2803","161","17.363464355469","-75","81","13.272033691406","0","161","4.0914306640625","-146"
"video0003_frame0005_R128x128.png","5328","156","29.924499511719","-72","81","14.223327636719","0","156","15.701171875","-143","","3","5","","5328","156","29.924499511719","-72","81","14.223327636719","0","156","15.701171875","-143"
"video0003_frame0006_R128x128.png","2560","150","16.596557617188","-65","87","17.136840820312","0","150","-0.540283203125","-150","","3","6","","2560","150","16.596557617188","-65","87","17.136840820312","0","150","-0.540283203125","-150"
"video0003_frame0007_R128x128.png","2721","162","17.659729003906","-93","92","13.451782226562","0","162","4.2079467773438","-185","","3","7","","3796","164","22.281860351562","-72","109","14.698303222656","0","164","7.5835571289062","-149"
"video0003_frame0008_R128x128.png","2838","136","17.112060546875","-68","83","13.598693847656","0","136","3.5133666992188","-142","","3","8","","3126","158","16.193420410156","-56","82","17.318664550781","0","158","-1.125244140625","-119"
"video0003_frame0009_R128x128.png","6517","157","39.534606933594","-85","88","10.90771484375","0","157","28.626892089844","-140","","3","9","","2890","167","14.768005371094","-78","85","15.094787597656","0","167","-0.3267822265625","-135"
"video0003_frame0010_R128x128.png","7163","162","39.950805664062","-58","86","13.664855957031","0","162","26.285949707031","-127","","3","10","","2473","160","11.481567382812","-73","89","16.164916992188","0","160","-4.683349609375","-143"
"video0003_frame0011_R128x128.png","8117","153","48.735717773438","-64","90","10.254943847656","0","153","38.480773925781","-125","","3","11","","3538","155","19.270690917969","-108","88","15.896179199219","0","155","3.37451171875","-196"
"video0003_frame0012_R128x128.png","5468","166","35.027587890625","-66","87","13.642028808594","0","166","21.385559082031","-125","","3","12","","3401","171","16.617248535156","-73","97","18.023986816406","0","171","-1.40673828125","-151"
"video0004_frame0001_R128x128.png","490","131","-3.2932739257812","-81","88","15.261657714844","0","131","-18.554931640625","-160","","4","1","","490","131","-3.2932739257812","-81","88","15.261657714844","0","131","-18.554931640625","-160"
"video0004_frame0002_R128x128.png","431","115","-4.8865356445312","-76","85","13.869323730469","0","115","-18.755859375","-128","","4","2","","431","115","-4.8865356445312","-76","85","13.869323730469","0","115","-18.755859375","-128"
"video0004_frame0003_R128x128.png","437","112","-9.9649047851562","-97","84","14.95947265625","0","112","-24.924377441406","-146","","4","3","","437","112","-9.9649047851562","-97","84","14.95947265625","0","112","-24.924377441406","-146"
"video0004_frame0004_R128x128.png","637","131","-4.777099609375","-78","80","17.375","0","131","-22.152099609375","-135","","4","4","","637","131","-4.777099609375","-78","80","17.375","0","131","-22.152099609375","-135"
"video0004_frame0005_R128x128.png","585","133","-1.9918212890625","-66","84","13.313781738281","0","133","-15.305603027344","-142","","4","5","","585","133","-1.9918212890625","-66","84","13.313781738281","0","133","-15.305603027344","-142"
"video0004_frame0006_R128x128.png","295","155","-1.5970458984375","-65","86","14.381958007812","0","155","-15.97900390625","-129","","4","6","","295","155","-1.5970458984375","-65","86","14.381958007812","0","155","-15.97900390625","-129"
"video0004_frame0007_R128x128.png","364","128","-2.569091796875","-76","89","17.339660644531","0","128","-19.908752441406","-139","","4","7","","389","119","-4.9077758789062","-71","94","17.384338378906","0","119","-22.292114257812","-124"
"video0004_frame0008_R128x128.png","336","173","-7.081298828125","-99","86","21.157470703125","0","173","-28.23876953125","-165","","4","8","","408","112","-5.2245483398438","-61","84","17.668090820312","0","112","-22.892639160156","-124"
"video0004_frame0009_R128x128.png","439","147","-6.7313842773438","-78","81","17.168029785156","0","147","-23.8994140625","-138","","4","9","","406","124","-5.5609130859375","-109","88","17.607116699219","0","124","-23.168029785156","-164"
"video0004_frame0010_R128x128.png","344","124","-0.7698974609375","-67","84","19.020690917969","0","124","-19.790588378906","-143","","4","10","","408","121","-3.4301147460938","-64","82","20.540893554688","0","121","-23.971008300781","-118"
"video0004_frame0011_R128x128.png","581","131","0.6217041015625","-76","89","14.926086425781","0","131","-14.304382324219","-165","","4","11","","247","124","-5.8455810546875","-78","93","19.125366210938","0","124","-24.970947265625","-156"
"video0004_frame0012_R128x128.png","647","150","0.93597412109375","-77","85","16.169921875","0","150","-15.233947753906","-133","","4","12","","418","127","-6.292236328125","-86","93","19.921020507812","0","127","-26.213256835938","-162"
"video0005_frame0001_R128x128.png","502","186","-1.2445068359375","-91","76","23.589416503906","0","186","-24.833923339844","-151","","5","1","","502","186","-1.2445068359375","-91","76","23.589416503906","0","186","-24.833923339844","-151"
"video0005_frame0002_R128x128.png","434","154","-2.8953857421875","-76","81","14.592468261719","0","154","-17.487854003906","-139","","5","2","","434","154","-2.8953857421875","-76","81","14.592468261719","0","154","-17.487854003906","-139"
"video0005_frame0003_R128x128.png","438","143","0.0748291015625","-76","91","17.054748535156","0","143","-16.979919433594","-161","","5","3","","438","143","0.0748291015625","-76","91","17.054748535156","0","143","-16.979919433594","-161"
"video0005_frame0004_R128x128.png","1148","147","4.46435546875","-83","86","19.382934570312","0","147","-14.918579101562","-147","","5","4","","1148","147","4.46435546875","-83","86","19.382934570312","0","147","-14.918579101562","-147"
"video0005_frame0005_R128x128.png","913","179","4.1488647460938","-77","79","19.94873046875","0","179","-15.799865722656","-149","","5","5","","913","179","4.1488647460938","-77","79","19.94873046875","0","179","-15.799865722656","-149"
"video0005_frame0006_R128x128.png","347","143","-3.71875","-94","83","16.698547363281","0","143","-20.417297363281","-144","","5","6","","347","143","-3.71875","-94","83","16.698547363281","0","143","-20.417297363281","-144"
"video0005_frame0007_R128x128.png","1344","156","5.8846435546875","-78","81","19.135070800781","0","156","-13.250427246094","-143","","5","7","","1025","158","2.7157592773438","-70","88","18.970031738281","0","158","-16.254272460938","-143"
"video0005_frame0008_R128x128.png","1284","150","5.3561401367188","-71","85","13.934326171875","0","150","-8.5781860351562","-146","","5","8","","735","155","-1.6098022460938","-87","83","18.884521484375","0","155","-20.494323730469","-146"
"video0005_frame0009_R128x128.png","1766","151","10.85791015625","-67","86","15.278869628906","0","151","-4.4209594726562","-143","","5","9","","698","152","-1.3933715820312","-65","93","18.546142578125","0","152","-19.939514160156","-129"
"video0005_frame0010_R128x128.png","1261","143","3.2942504882812","-96","91","18.647766113281","0","143","-15.353515625","-179","","5","10","","1007","146","0.44830322265625","-67","92","18.235107421875","0","146","-17.786804199219","-131"
"video0005_frame0011_R128x128.png","1355","142","4.5624389648438","-78","93","20.097595214844","0","142","-15.53515625","-152","","5","11","","1064","139","-0.43731689453125","-98","82","18.104614257812","0","139","-18.541931152344","-164"
"video0005_frame0012_R128x128.png","1867","170","10.033203125","-104","81","20.872863769531","0","170","-10.839660644531","-166","","5","12","","668","155","-3.1063842773438","-80","88","19.578491210938","0","155","-22.684875488281","-154"
"video0006_frame0001_R128x128.png","2025","150","12.889404296875","-67","82","13.338989257812","0","150","-0.4495849609375","-144","","6","1","","2025","150","12.889404296875","-67","82","13.338989257812","0","150","-0.4495849609375","-144"
"video0006_frame0002_R128x128.png","2011","163","12.847961425781","-72","97","14.369567871094","0","163","-1.5216064453125","-168","","6","2","","2011","163","12.847961425781","-72","97","14.369567871094","0","163","-1.5216064453125","-168"
"video0006_frame0003_R128x128.png","4617","160","27.298095703125","-62","83","12.605163574219","0","160","14.692932128906","-126","","6","3","","4617","160","27.298095703125","-62","83","12.605163574219","0","160","14.692932128906","-126"
"video0006_frame0004_R128x128.png","5096","165","31.202819824219","-67","82","11.96044921875","0","165","19.242370605469","-137","","6","4","","5096","165","31.202819824219","-67","82","11.96044921875","0","165","19.242370605469","-137"
"video0006_frame0005_R128x128.png","2257","138","14.049133300781","-61","86","14.783264160156","0","138","-0.734130859375","-135","","6","5","","2257","138","14.049133300781","-61","86","14.783264160156","0","138","-0.734130859375","-135"
"video0006_frame0006_R128x128.png","4247","157","28.749816894531","-64","100","15.230224609375","0","157","13.519592285156","-161","","6","6","","4247","157","28.749816894531","-64","100","15.230224609375","0","157","13.519592285156","-161"
"video0006_frame0007_R128x128.png","4449","152","29.448181152344","-83","100","14.101318359375","0","152","15.346862792969","-167","","6","7","","3283","175","18.572692871094","-81","90","16.716735839844","0","175","1.85595703125","-168"
"video0006_frame0008_R128x128.png","4428","153","28.572570800781","-64","83","12.765380859375","0","153","15.807189941406","-142","","6","8","","3344","156","18.069702148438","-64","85","16.372802734375","0","156","1.6968994140625","-125"
"video0006_frame0009_R128x128.png","2981","157","19.7919921875","-88","86","13.012878417969","0","157","6.7791137695312","-174","","6","9","","3309","179","18.251037597656","-74","85","15.119567871094","0","179","3.1314697265625","-140"
"video0006_frame0010_R128x128.png","3698","175","23.438354492188","-60","82","15.378784179688","0","175","8.0595703125","-129","","6","10","","2470","166","12.459289550781","-78","83","16.273193359375","0","166","-3.8139038085938","-133"
"video0006_frame0011_R128x128.png","4221","153","26.915954589844","-73","94","14.680847167969","0","153","12.235107421875","-156","","6","11","","3237","170","16.398620605469","-85","80","19.070373535156","0","170","-2.6717529296875","-161"
"video0006_frame0012_R128x128.png","8941","167","52.852661132812","-68","93","10.015686035156","0","167","42.836975097656","-142","","6","12","","3429","162","16.698608398438","-63","91","17.563659667969","0","162","-0.86505126953125","-137"
"video0007_frame0001_R128x128.png","548","134","-4.5197143554688","-95","81","15.287841796875","0","134","-19.807556152344","-157","","7","1","","548","134","-4.5197143554688","-95","81","15.287841796875","0","134","-19.807556152344","-157"
"video0007_frame0002_R128x128.png","251","120","-6.4761352539062","-87","92","16.693054199219","0","120","-23.169189453125","-161","","7","2","","251","120","-6.4761352539062","-87","92","16.693054199219","0","120","-23.169189453125","-161"
"video0007_frame0003_R128x128.png","475","113","-6.01025390625","-93","83","14.793212890625","0","113","-20.803466796875","-156","","7","3","","475","113","-6.01025390625","-93","83","14.793212890625","0","113","-20.803466796875","-156"
"video0007_frame0004_R128x128.png","515","144","-3.6033935546875","-84","79","19.072021484375","0","144","-22.675415039062","-152","","7","4","","515","144","-3.6033935546875","-84","79","19.072021484375","0","144","-22.675415039062","-152"
"video0007_frame0005_R128x128.png","479","137","-3.3238525390625","-86","82","15.57373046875","0","137","-18.897583007812","-133","","7","5","","479","137","-3.3238525390625","-86","82","15.57373046875","0","137","-18.897583007812","-133"
"video0007_frame0006_R128x128.png","242","139","-3.64794921875","-75","100","17.561645507812","0","139","-21.209594726562","-146","","7","6","","242","139","-3.64794921875","-75","100","17.561645507812","0","139","-21.209594726562","-146"
"video0007_frame0007_R128x128.png","247","129","-8.0302734375","-98","85","22.942626953125","0","129","-30.972900390625","-156","","7","7","","501","116","-3.3666381835938","-81","95","18.753845214844","0","116","-22.120483398438","-144"
"video0007_frame0008_R128x128.png","461","142","-3.0886840820312","-85","83","23.0810546875","0","142","-26.169738769531","-147","","7","8","","282","104","-5.403564453125","-64","85","21.630554199219","0","104","-27.034118652344","-126"
"video0007_frame0009_R128x128.png","583","150","0.61590576171875","-68","83","16.089294433594","0","150","-15.473388671875","-144","","7","9","","481","147","-4.3505249023438","-72","91","20.271179199219","0","147","-24.621704101562","-127"
"video0007_frame0010_R128x128.png","495","132","0.4095458984375","-77","81","12.903991699219","0","132","-12.494445800781","-139","","7","10","","369","120","-2.4580078125","-66","81","21.379272460938","0","120","-23.837280273438","-126"
"video0007_frame0011_R128x128.png","512","135","-1.6331787109375","-93","107","15.20654296875","0","135","-16.839721679688","-200","","7","11","","282","116","-5.6990356445312","-64","83","16.229125976562","0","116","-21.928161621094","-135"
"video0007_frame0012_R128x128.png","476","162","-5.5792846679688","-93","83","20.382995605469","0","162","-25.962280273438","-160","","7","12","","431","140","-6.4754638671875","-90","86","19.283203125","0","140","-25.758666992188","-165"
"video0008_frame0001_R128x128.png","370","135","-5.8463134765625","-80","86","16.791931152344","0","135","-22.638244628906","-127","","8","1","","370","135","-5.8463134765625","-80","86","16.791931152344","0","135","-22.638244628906","-127"
"video0008_frame0002_R128x128.png","458","152","-0.0069580078125","-73","92","14.601257324219","0","152","-14.608215332031","-156","","8","2","","458","152","-0.0069580078125","-73","92","14.601257324219","0","152","-14.608215332031","-156"
"video0008_frame0003_R128x128.png","821","152","3.143798828125","-76","85","14.58349609375","0","152","-11.439697265625","-139","","8","3","","821","152","3.143798828125","-76","85","14.58349609375","0","152","-11.439697265625","-139"
"video0008_frame0004_R128x128.png","677","148","-0.32159423828125","-75","84","17.239990234375","0","148","-17.561584472656","-134","","8","4","","677","148","-0.32159423828125","-75","84","17.239990234375","0","148","-17.561584472656","-134"
"video0008_frame0005_R128x128.png","1014","185","3.1461791992188","-97","75","19.148010253906","0","185","-16.001831054688","-145","","8","5","","1014","185","3.1461791992188","-97","75","19.148010253906","0","185","-16.001831054688","-145"
"video0008_frame0006_R128x128.png","1370","158","7.8013305664062","-73","86","17.218566894531","0","158","-9.417236328125","-158","","8","6","","1370","158","7.8013305664062","-73","86","17.218566894531","0","158","-9.417236328125","-158"
"video0008_frame0007_R128x128.png","947","146","1.4818725585938","-69","77","14.129577636719","0","146","-12.647705078125","-127","","8","7","","1238","164","3.7626342773438","-73","95","18.28662109375","0","164","-14.523986816406","-129"
"video0008_frame0008_R128x128.png","2364","166","11.45166015625","-76","88","14.953002929688","0","166","-3.5013427734375","-137","","8","8","","725","155","-1.82177734375","-77","94","18.341613769531","0","155","-20.163391113281","-129"
"video0008_frame0009_R128x128.png","1764","148","8.5579223632812","-72","91","14.479370117188","0","148","-5.9214477539062","-148","","8","9","","781","137","-0.99017333984375","-64","86","18.844482421875","0","137","-19.834655761719","-121"
"video0008_frame0010_R128x128.png","2329","150","12.518249511719","-75","89","17.577758789062","0","150","-5.0595092773438","-145","","8","10","","952","155","0.562744140625","-72","109","17.87255859375","0","155","-17.309814453125","-181"
"video0008_frame0011_R128x128.png","1090","166","3.899169921875","-99","82","15.809204101562","0","166","-11.910034179688","-154","","8","11","","980","143","-0.6923828125","-90","85","16.705932617188","0","143","-17.398315429688","-155"
"video0008_frame0012_R128x128.png","736","154","-0.16326904296875","-79","77","16.580627441406","0","154","-16.743896484375","-133","","8","12","","747","141","-2.2486572265625","-71","93","20.545288085938","0","141","-22.7939453125","-135"
"video0009_frame0001_R128x128.png","2150","166","12.751708984375","-78","83","14.525268554688","0","166","-1.7735595703125","-149","","9","1","","2150","166","12.751708984375","-78","83","14.525268554688","0","166","-1.7735595703125","-149"
"video0009_frame0002_R128x128.png","2097","157","11.222534179688","-72","88","17.188903808594","0","157","-5.9663696289062","-147","","9","2","","2097","157","11.222534179688","-72","88","17.188903808594","0","157","-5.9663696289062","-147"
"video0009_frame0003_R128x128.png","1739","165","10.385986328125","-58","87","18.557250976562","0","165","-8.1712646484375","-122","","9","3","","1739","165","10.385986328125","-58","87","18.557250976562","0","165","-8.1712646484375","-122"
"video0009_frame0004_R128x128.png","2124","152","13.877868652344","-62","89","14.722045898438","0","152","-0.84417724609375","-151","","9","4","","2124","152","13.877868652344","-62","89","14.722045898438","0","152","-0.84417724609375","-151"
"video0009_frame0005_R128x128.png","3951","157","26.077880859375","-62","85","13.658874511719","0","157","12.419006347656","-134","","9","5","","3951","157","26.077880859375","-62","85","13.658874511719","0","157","12.419006347656","-134"
"video0009_frame0006_R128x128.png","4194","169","26.890930175781","-69","85","14.152465820312","0","169","12.738464355469","-149","","9","6","","4194","169","26.890930175781","-69","85","14.152465820312","0","169","12.738464355469","-149"
"video0009_frame0007_R128x128.png","4312","152","26.801391601562","-68","86","15.216430664062","0","152","11.5849609375","-146","","9","7","","3104","155","15.5185546875","-65","95","17.061950683594","0","155","-1.5433959960938","-121"
"video0009_frame0008_R128x128.png","4413","160","27.221069335938","-71","82","12.463073730469","0","160","14.757995605469","-127","","9","8","","3343","156","16.785095214844","-67","91","15.821594238281","0","156","0.9635009765625","-120"
"video0009_frame0009_R128x128.png","4595","156","29.692932128906","-68","85","14.905151367188","0","156","14.787780761719","-146","","9","9","","2098","159","8.490234375","-67","83","16.868713378906","0","159","-8.3784790039062","-138"
"video0009_frame0010_R128x128.png","5390","151","35.3759765625","-58","86","13.853454589844","0","151","21.522521972656","-138","","9","10","","2322","142","8.7422485351562","-63","96","17.110107421875","0","142","-8.3678588867188","-153"
"video0009_frame0011_R128x128.png","6150","181","41.547912597656","-76","91","11.43115234375","0","181","30.116760253906","-151","","9","11","","2823","156","13.93359375","-81","79","16.339294433594","0","156","-2.4057006835938","-155"
"video0009_frame0012_R128x128.png","4827","158","31.862060546875","-63","90","13.991638183594","0","158","17.870422363281","-144","","9","12","","2570","151","10.481994628906","-67","94","17.910278320312","0","151","-7.4282836914062","-161"
"video0010_frame0001_R128x128.png","414","118","-6.2554931640625","-78","81","14.967102050781","0","118","-21.222595214844","-136","","10","1","","414","118","-6.2554931640625","-78","81","14.967102050781","0","118","-21.222595214844","-136"
"video0010_frame0002_R128x128.png","477","113","-3.9449462890625","-72","88","15.338134765625","0","113","-19.283081054688","-160","","10","2","","477","113","-3.9449462890625","-72","88","15.338134765625","0","113","-19.283081054688","-160"
"video0010_frame0003_R128x128.png","591","120","-4.9136352539062","-86","88","13.126281738281","0","120","-18.039916992188","-146","","10","3","","591","120","-4.9136352539062","-86","88","13.126281738281","0","120","-18.039916992188","-146"
"video0010_frame0004_R128x128.png","727","144","-4.4449462890625","-96","84","21.920654296875","0","144","-26.365600585938","-157","","10","4","","727","144","-4.4449462890625","-96","84","21.920654296875","0","144","-26.365600585938","-157"
"video0010_frame0005_R128x128.png","430","113","-5.841064453125","-81","82","14.780334472656","0","113","-20.621398925781","-149","","10","5","","430","113","-5.841064453125","-81","82","14.780334472656","0","113","-20.621398925781","-149"
"video0010_frame0006_R128x128.png","387","119","-5.0411987304688","-70","96","18.122802734375","0","119","-23.164001464844","-157","","10","6","","387","119","-5.0411987304688","-70","96","18.122802734375","0","119","-23.164001464844","-157"
"video0010_frame0007_R128x128.png","324","134","-4.1511840820312","-103","86","18.358764648438","0","134","-22.509948730469","-171","","10","7","","590","166","-2.9884033203125","-72","88","19.80419921875","0","166","-22.792602539062","-145"
"video0010_frame0008_R128x128.png","362","146","-1.2311401367188","-77","79","21.129577636719","0","146","-22.360717773438","-141","","10","8","","261","127","-4.9629516601562","-67","83","22.36767578125","0","127","-27.330627441406","-125"
"video0010_frame0009_R128x128.png","343","148","-0.86749267578125","-94","85","15.812438964844","0","148","-16.679931640625","-154","","10","9","","408","112","-4.4573364257812","-62","88","16.812866210938","0","112","-21.270202636719","-119"
"video0010_frame0010_R128x128.png","415","132","-2.0308227539062","-79","85","14.52880859375","0","132","-16.559631347656","-143","","10","10","","442","132","-2.4702758789062","-62","90","18.02685546875","0","132","-20.497131347656","-120"
"video0010_frame0011_R128x128.png","352","137","-7.7903442382812","-101","91","20.069458007812","0","137","-27.859802246094","-156","","10","11","","186","112","-5.6323852539062","-78","88","15.9873046875","0","112","-21.619689941406","-140"
"video0010_frame0012_R128x128.png","395","157","-2.7827758789062","-99","76","17.389221191406","0","157","-20.171997070312","-156","","10","12","","306","111","-6.281982421875","-80","86","19.042297363281","0","111","-25.324279785156","-149"
"video0011_frame0001_R128x128.png","697","151","1.708984375","-65","89","20.59375","0","151","-18.884765625","-135","","11","1","","697","151","1.708984375","-65","89","20.59375","0","151","-18.884765625","-135"
"video0011_frame0002_R128x128.png","641","160","1.8965454101562","-65","88","15.4375","0","160","-13.540954589844","-142","","11","2","","641","160","1.8965454101562","-65","88","15.4375","0","160","-13.540954589844","-142"
"video0011_frame0003_R128x128.png","771","150","1.052001953125","-75","81","16.321044921875","0","150","-15.26904296875","-134","","11","3","","771","150","1.052001953125","-75","81","16.321044921875","0","150","-15.26904296875","-134"
"video0011_frame0004_R128x128.png","603","168","-3.8941650390625","-103","80","19.699462890625","0","168","-23.593627929688","-160","","11","4","","603","168","-3.8941650390625","-103","80","19.699462890625","0","168","-23.593627929688","-160"
"video0011_frame0005_R128x128.png","342","139","-4.713134765625","-78","76","16.326049804688","0","139","-21.039184570312","-126","","11","5","","342","139","-4.713134765625","-78","76","16.326049804688","0","139","-21.039184570312","-126"
"video0011_frame0006_R128x128.png","1049","144","5.1973876953125","-75","83","15.339538574219","0","144","-10.142150878906","-155","","11","6","","1049","144","5.1973876953125","-75","83","15.339538574219","0","144","-10.142150878906","-155"
"video0011_frame0007_R128x128.png","968","154","4.4741821289062","-74","88","15.247619628906","0","154","-10.7734375","-162","","11","7","","860","148","0.35821533203125","-67","99","19.640563964844","0","148","-19.282348632812","-146"
"video0011_frame0008_R128x128.png","879","142","3.8248291015625","-64","86","15.273132324219","0","142","-11.448303222656","-146","","11","8","","751","138","-1.9527587890625","-75","90","17.488586425781","0","138","-19.441345214844","-129"
"video0011_frame0009_R128x128.png","1037","141","-1.6166381835938","-94","81","20.605285644531","0","141","-22.221923828125","-158","","11","9","","855","139","-1.4347534179688","-91","89","17.476013183594","0","139","-18.910766601562","-171"
"video0011_frame0010_R128x128.png","1331","152","4.0185546875","-93","83","14.960510253906","0","152","-10.941955566406","-164","","11","10","","787","135","-1.7064819335938","-67","84","16.846923828125","0","135","-18.553405761719","-138"
"video0011_frame0011_R128x128.png","1795","173","9.239501953125","-113","86","16.442504882812","0","173","-7.2030029296875","-171","","11","11","","862","134","-1.3431396484375","-101","82","17.317565917969","0","134","-18.660705566406","-165"
"video0011_frame0012_R128x128.png","2413","168","15.669128417969","-71","86","17.316162109375","0","168","-1.6470336914062","-145","","11","12","","870","140","-2.156494140625","-80","99","19.929565429688","0","140","-22.086059570312","-148"
"video0012_frame0001_R128x128.png","1749","150","8.7676391601562","-66","85","13.375183105469","0","150","-4.6075439453125","-129","","12","1","","1749","150","8.7676391601562","-66","85","13.375183105469","0","150","-4.6075439453125","-129"
"video0012_frame0002_R128x128.png","3982","176","22.357177734375","-61","86","15.254821777344","0","176","7.1023559570312","-127","","12","2","","3982","176","22.357177734375","-61","86","15.254821777344","0","176","7.1023559570312","-127"
"video0012_frame0003_R128x128.png","3293","167","22.343444824219","-69","92","14.023254394531","0","167","8.3201904296875","-140","","12","3","","3293","167","22.343444824219","-69","92","14.023254394531","0","167","8.3201904296875","-140"
"video0012_frame0004_R128x128.png","3723","177","24.240661621094","-58","83","16.231384277344","0","177","8.00927734375","-128","","12","4","","3723","177","24.240661621094","-58","83","16.231384277344","0","177","8.00927734375","-128"
"video0012_frame0005_R128x128.png","3824","147","22.495788574219","-76","89","16.31640625","0","147","6.1793823242188","-159","","12","5","","3824","147","22.495788574219","-76","89","16.31640625","0","147","6.1793823242188","-159"
"video0012_frame0006_R128x128.png","3030","156","12.859191894531","-82","86","19.04150390625","0","156","-6.1823120117188","-155","","12","6","","3030","156","12.859191894531","-82","86","19.04150390625","0","156","-6.1823120117188","-155"
"video0012_frame0007_R128x128.png","3195","141","13.41650390625","-105","84","18.240051269531","0","141","-4.8235473632812","-179","","12","7","","3163","161","15.990600585938","-73","92","16.690002441406","0","161","-0.69940185546875","-144"
"video0012_frame0008_R128x128.png","3259","141","13.147644042969","-87","80","15.358337402344","0","141","-2.210693359375","-147","","12","8","","3981","151","20.975402832031","-58","84","13.5673828125","0","151","7.4080200195312","-117"
"video0012_frame0009_R128x128.png","4672","153","29.165649414062","-74","84","13.296447753906","0","153","15.869201660156","-142","","12","9","","3515","150","19.032897949219","-65","95","13.963256835938","0","150","5.0696411132812","-131"
"video0012_frame0010_R128x128.png","5402","151","33.831359863281","-69","90","14.143737792969","0","151","19.687622070312","-149","","12","10","","2830","156","13.307312011719","-67","86","16.672790527344","0","156","-3.365478515625","-124"
"video0012_frame0011_R128x128.png","4292","175","21.709289550781","-102","84","16.99462890625","0","175","4.7146606445312","-164","","12","11","","3001","150","14.588195800781","-80","82","16.15771484375","0","150","-1.5695190429688","-156"
"video0012_frame0012_R128x128.png","7006","180","45.941284179688","-73","82","12.174194335938","0","180","33.76708984375","-140","","12","12","","3178","152","13.577575683594","-70","93","19.427307128906","0","152","-5.8497314453125","-131"
"video0013_frame0001_R128x128.png","561","127","-3","-82","89","14.44970703125","0","127","-17.44970703125","-161","","13","1","","561","127","-3","-82","89","14.44970703125","0","127","-17.44970703125","-161"
"video0013_frame0002_R128x128.png","514","114","-4.5482177734375","-79","88","14.540771484375","0","114","-19.088989257812","-152","","13","2","","514","114","-4.5482177734375","-79","88","14.540771484375","0","114","-19.088989257812","-152"
"video0013_frame0003_R128x128.png","348","143","-8.9102783203125","-104","84","20.495544433594","0","143","-29.405822753906","-163","","13","3","","348","143","-8.9102783203125","-104","84","20.495544433594","0","143","-29.405822753906","-163"
"video0013_frame0004_R128x128.png","324","131","-3.1663818359375","-89","84","14.584655761719","0","131","-17.751037597656","-171","","13","4","","324","131","-3.1663818359375","-89","84","14.584655761719","0","131","-17.751037597656","-171"
"video0013_frame0005_R128x128.png","257","145","-2.0973510742188","-74","88","14.332153320312","0","145","-16.429504394531","-162","","13","5","","257","145","-2.0973510742188","-74","88","14.332153320312","0","145","-16.429504394531","-162"
"video0013_frame0006_R128x128.png","678","127","-0.98956298828125","-70","93","14.874145507812","0","127","-15.863708496094","-138","","13","6","","678","127","-0.98956298828125","-70","93","14.874145507812","0","127","-15.863708496094","-138"
"video0013_frame0007_R128x128.png","391","128","-3.9021606445312","-84","80","18.307434082031","0","128","-22.209594726562","-154","","13","7","","379","126","-4.8316650390625","-64","90","17.011474609375","0","126","-21.843139648438","-133"
"video0013_frame0008_R128x128.png","367","118","-6.9103393554688","-80","87","18.367553710938","0","118","-25.277893066406","-139","","13","8","","382","105","-5.1546020507812","-61","82","15.303833007812","0","105","-20.458435058594","-112"
"video0013_frame0009_R128x128.png","335","133","-4.0369262695312","-76","89","15.517944335938","0","133","-19.554870605469","-142","","13","9","","434","117","-5.3558349609375","-82","83","18.917541503906","0","117","-24.273376464844","-150"
"video0013_frame0010_R128x128.png","338","126","-1.8115234375","-60","86","16.026794433594","0","126","-17.838317871094","-133","","13","10","","489","126","-3.10546875","-72","88","16.211853027344","0","126","-19.317321777344","-134"
"video0013_frame0011_R128x128.png","639","151","-0.02850341796875","-75","87","16.102600097656","0","151","-16.131103515625","-138","","13","11","","231","116","-5.7119750976562","-80","82","17.557006835938","0","116","-23.268981933594","-147"
"video0013_frame0012_R128x128.png","488","147","-1.6533813476562","-87","80","21.448364257812","0","147","-23.101745605469","-152","","13","12","","408","115","-4.9732666015625","-79","94","20.788208007812","0","115","-25.761474609375","-139"
"video0014_frame0001_R128x128.png","543","152","0.0921630859375","-80","87","14.769714355469","0","152","-14.677551269531","-144","","14","1","","543","152","0.0921630859375","-80","87","14.769714355469","0","152","-14.677551269531","-144"
"video0014_frame0002_R128x128.png","858","149","-0.8758544921875","-90","82","16.193664550781","0","149","-17.069519042969","-148","","14","2","","858","149","-0.8758544921875","-90","82","16.193664550781","0","149","-17.069519042969","-148"
"video0014_frame0003_R128x128.png","543","146","-1.6920776367188","-92","83","17.115905761719","0","146","-18.807983398438","-157","","14","3","","543","146","-1.6920776367188","-92","83","17.115905761719","0","146","-18.807983398438","-157"
"video0014_frame0004_R128x128.png","732","170","2.5001831054688","-73","80","20.313598632812","0","170","-17.813415527344","-133","","14","4","","732","170","2.5001831054688","-73","80","20.313598632812","0","170","-17.813415527344","-133"
"video0014_frame0005_R128x128.png","881","148","3.8580932617188","-71","85","12.839904785156","0","148","-8.9818115234375","-154","","14","5","","881","148","3.8580932617188","-71","85","12.839904785156","0","148","-8.9818115234375","-154"
"video0014_frame0006_R128x128.png","784","150","0.636962890625","-75","86","13.703063964844","0","150","-13.066101074219","-154","","14","6","","784","150","0.636962890625","-75","86","13.703063964844","0","150","-13.066101074219","-154"
"video0014_frame0007_R128x128.png","1851","167","7.3018188476562","-84","85","15.922668457031","0","167","-8.620849609375","-154","","14","7","","1174","155","2.5680541992188","-71","100","15.723388671875","0","155","-13.155334472656","-135"
"video0014_frame0008_R128x128.png","1597","156","7.7943725585938","-76","91","14.339904785156","0","156","-6.5455322265625","-129","","14","8","","671","159","-2.9027099609375","-76","87","16.34716796875","0","159","-19.249877929688","-136"
"video0014_frame0009_R128x128.png","2248","162","12.825744628906","-72","90","17.1904296875","0","162","-4.3646850585938","-131","","14","9","","767","167","0.86474609375","-59","85","18.55908203125","0","167","-17.6943359375","-124"
"video0014_frame0010_R128x128.png","1760","168","11.598693847656","-80","83","18.29052734375","0","168","-6.6918334960938","-144","","14","10","","899","159","1.0701904296875","-72","86","18.758361816406","0","159","-17.688171386719","-127"
"video0014_frame0011_R128x128.png","2318","142","13.860290527344","-72","85","17.115112304688","0","142","-3.2548217773438","-147","","14","11","","786","144","-1.7589721679688","-97","84","15.5634765625","0","144","-17.322448730469","-164"
"video0014_frame0012_R128x128.png","1804","160","10.203369140625","-71","83","14.747192382812","0","160","-4.5438232421875","-124","","14","12","","722","148","-2.8671875","-73","88","20.327575683594","0","148","-23.194763183594","-140"
"video0015_frame0001_R128x128.png","1788","157","9.6654663085938","-96","83","14.457702636719","0","157","-4.792236328125","-177","","15","1","","1788","157","9.6654663085938","-96","83","14.457702636719","0","157","-4.792236328125","-177"
"video0015_frame0002_R128x128.png","2731","173","17.696533203125","-87","87","17.41845703125","0","173","0.278076171875","-174","","15","2","","2731","173","17.696533203125","-87","87","17.41845703125","0","173","0.278076171875","-174"
"video0015_frame0003_R128x128.png","2215","144","6.948486328125","-78","95","20.37939453125","0","144","-13.430908203125","-123","","15","3","","2215","144","6.948486328125","-78","95","20.37939453125","0","144","-13.430908203125","-123"
"video0015_frame0004_R128x128.png","2500","157","9.2969970703125","-99","83","19.818176269531","0","157","-10.521179199219","-169","","15","4","","2500","157","9.2969970703125","-99","83","19.818176269531","0","157","-10.521179199219","-169"
"video0015_frame0005_R128x128.png","2672","154","14.804016113281","-70","86","17.416809082031","0","154","-2.61279296875","-154","","15","5","","2672","154","14.804016113281","-70","86","17.416809082031","0","154","-2.61279296875","-154"
"video0015_frame0006_R128x128.png","3460","161","19.658447265625","-77","84","16.7080078125","0","161","2.950439453125","-138","","15","6","","3460","161","19.658447265625","-77","84","16.7080078125","0","161","2.950439453125","-138"
"video0015_frame0007_R128x128.png","3599","153","19.923767089844","-62","83","16.469970703125","0","153","3.4537963867188","-125","","15","7","","2895","153","14.666748046875","-83","88","16.797485351562","0","153","-2.1307373046875","-142"
"video0015_frame0008_R128x128.png","3674","150","18.704345703125","-81","82","16.728210449219","0","150","1.9761352539062","-150","","15","8","","3028","166","14.987487792969","-70","86","15.481628417969","0","166","-0.494140625","-120"
"video0015_frame0009_R128x128.png","3450","154","19.838500976562","-75","87","16.0556640625","0","154","3.7828369140625","-146","","15","9","","2621","156","11.383666992188","-63","83","15.708068847656","0","156","-4.3244018554688","-124"
"video0015_frame0010_R128x128.png","4051","167","24.411560058594","-91","90","15.486511230469","0","167","8.925048828125","-157","","15","10","","2422","155","10.000427246094","-66","86","16.02978515625","0","155","-6.0293579101562","-131"
"video0015_frame0011_R128x128.png","4928","149","28.403137207031","-82","81","15.01611328125","0","149","13.387023925781","-147","","15","11","","3037","162","15.627380371094","-85","86","15.476257324219","0","162","0.151123046875","-169"
"video0015_frame0012_R128x128.png","5440","171","33.418762207031","-85","84","13.597778320312","0","171","19.820983886719","-160","","15","12","","2786","150","11.995178222656","-75","98","18.518737792969","0","150","-6.5235595703125","-159"
