Gen,Frame,name,area pred,area gt,mean exg pred,mean exg gt,mean exr pred,mean exr gt,mean exgr pred,mean exgr gt
1,1,video0001_frame0001_R128x128.png,625,625,-3.036071777,-3.036071777,14.78167725,14.78167725,-17.81774902,-17.81774902
1,2,video0001_frame0002_R128x128.png,515,515,-3.44329834,-3.44329834,14.2623291,14.2623291,-17.70562744,-17.70562744
1,3,video0001_frame0003_R128x128.png,531,531,-4.777709961,-4.777709961,11.85357666,11.85357666,-16.63128662,-16.63128662
1,4,video0001_frame0004_R128x128.png,373,373,-8.67980957,-8.67980957,20.6975708,20.6975708,-29.37738037,-29.37738037
1,5,video0001_frame0005_R128x128.png,304,304,-1.790771484,-1.790771484,16.44232178,16.44232178,-18.23309326,-18.23309326
1,6,video0001_frame0006_R128x128.png,558,558,-2.464599609,-2.464599609,15.50317383,15.50317383,-17.96777344,-17.96777344
1,7,video0001_frame0007_R128x128.png,372,448,-4.964599609,-0.79107666,17.57275391,14.75549316,-22.53735352,-15.54656982
1,8,video0001_frame0008_R128x128.png,402,361,-5.661743164,-3.370117188,16.8972168,18.31341553,-22.55895996,-21.68353271
1,9,video0001_frame0009_R128x128.png,326,460,-4.611816406,-1.948303223,20.2142334,24.17004395,-24.8260498,-26.11834717
1,10,video0001_frame0010_R128x128.png,356,361,-3.625061035,-3.726623535,15.31286621,16.64178467,-18.93792725,-20.3684082
1,11,video0001_frame0011_R128x128.png,319,290,-5.202697754,-1.78112793,16.17230225,15.93939209,-21.375,-17.72052002
1,12,video0001_frame0012_R128x128.png,327,409,-6.21685791,-3.030761719,19.79919434,17.48022461,-26.01605225,-20.51098633
2,1,video0002_frame0001_R128x128.png,468,468,0.666259766,0.666259766,17.66308594,17.66308594,-16.99682617,-16.99682617
2,2,video0002_frame0002_R128x128.png,680,680,0.958496094,0.958496094,16.45715332,16.45715332,-15.49865723,-15.49865723
2,3,video0002_frame0003_R128x128.png,1043,1043,0.839782715,0.839782715,15.65344238,15.65344238,-14.81365967,-14.81365967
2,4,video0002_frame0004_R128x128.png,662,662,-0.6875,-0.6875,17.01727295,17.01727295,-17.70477295,-17.70477295
2,5,video0002_frame0005_R128x128.png,575,575,-0.202331543,-0.202331543,16.99072266,16.99072266,-17.1930542,-17.1930542
2,6,video0002_frame0006_R128x128.png,1136,1136,4.588378906,4.588378906,19.26873779,19.26873779,-14.68035889,-14.68035889
2,7,video0002_frame0007_R128x128.png,1206,1266,4.084777832,6.569274902,17.37756348,15.07598877,-13.29278564,-8.506713867
2,8,video0002_frame0008_R128x128.png,773,1212,-1.059814453,6.586669922,17.40710449,13.95135498,-18.46691895,-7.364685059
2,9,video0002_frame0009_R128x128.png,729,1005,-0.795654297,4.290344238,19.26116943,20.20544434,-20.05682373,-15.9151001
2,10,video0002_frame0010_R128x128.png,1010,1086,1.000488281,-1.980651855,14.51818848,20.74517822,-13.5177002,-22.72583008
2,11,video0002_frame0011_R128x128.png,974,2456,-0.458496094,14.44573975,17.35778809,17.12011719,-17.81628418,-2.674377441
2,12,video0002_frame0012_R128x128.png,708,1856,-2.152587891,12.4911499,18.73156738,18.4006958,-20.88415527,-5.909545898
3,1,video0003_frame0001_R128x128.png,2948,2948,19.9765625,19.9765625,16.4720459,16.4720459,3.504516602,3.504516602
3,2,video0003_frame0002_R128x128.png,2075,2075,11.72955322,11.72955322,12.67388916,12.67388916,-0.944335938,-0.944335938
3,3,video0003_frame0003_R128x128.png,2497,2497,14.46557617,14.46557617,15.50830078,15.50830078,-1.042724609,-1.042724609
3,4,video0003_frame0004_R128x128.png,2803,2803,17.36346436,17.36346436,13.27203369,13.27203369,4.091430664,4.091430664
3,5,video0003_frame0005_R128x128.png,5328,5328,29.92449951,29.92449951,14.22332764,14.22332764,15.70117188,15.70117188
3,6,video0003_frame0006_R128x128.png,2560,2560,16.59655762,16.59655762,17.13684082,17.13684082,-0.540283203,-0.540283203
3,7,video0003_frame0007_R128x128.png,3796,2721,22.28186035,17.659729,14.69830322,13.45178223,7.583557129,4.207946777
3,8,video0003_frame0008_R128x128.png,3126,2838,16.19342041,17.11206055,17.31866455,13.59869385,-1.125244141,3.513366699
3,9,video0003_frame0009_R128x128.png,2890,6517,14.76800537,39.53460693,15.0947876,10.90771484,-0.326782227,28.62689209
3,10,video0003_frame0010_R128x128.png,2473,7163,11.48156738,39.95080566,16.16491699,13.66485596,-4.683349609,26.28594971
3,11,video0003_frame0011_R128x128.png,3538,8117,19.27069092,48.73571777,15.8961792,10.25494385,3.374511719,38.48077393
3,12,video0003_frame0012_R128x128.png,3401,5468,16.61724854,35.02758789,18.02398682,13.64202881,-1.406738281,21.38555908
4,1,video0004_frame0001_R128x128.png,490,490,-3.293273926,-3.293273926,15.26165771,15.26165771,-18.55493164,-18.55493164
4,2,video0004_frame0002_R128x128.png,431,431,-4.886535645,-4.886535645,13.86932373,13.86932373,-18.75585938,-18.75585938
4,3,video0004_frame0003_R128x128.png,437,437,-9.964904785,-9.964904785,14.95947266,14.95947266,-24.92437744,-24.92437744
4,4,video0004_frame0004_R128x128.png,637,637,-4.777099609,-4.777099609,17.375,17.375,-22.15209961,-22.15209961
4,5,video0004_frame0005_R128x128.png,585,585,-1.991821289,-1.991821289,13.31378174,13.31378174,-15.30560303,-15.30560303
4,6,video0004_frame0006_R128x128.png,295,295,-1.597045898,-1.597045898,14.38195801,14.38195801,-15.97900391,-15.97900391
4,7,video0004_frame0007_R128x128.png,389,364,-4.907775879,-2.569091797,17.38433838,17.33966064,-22.29211426,-19.90875244
4,8,video0004_frame0008_R128x128.png,408,336,-5.22454834,-7.081298828,17.66809082,21.1574707,-22.89263916,-28.23876953
4,9,video0004_frame0009_R128x128.png,406,439,-5.560913086,-6.731384277,17.6071167,17.16802979,-23.16802979,-23.89941406
4,10,video0004_frame0010_R128x128.png,408,344,-3.430114746,-0.769897461,20.54089355,19.02069092,-23.9710083,-19.79058838
4,11,video0004_frame0011_R128x128.png,247,581,-5.845581055,0.621704102,19.12536621,14.92608643,-24.97094727,-14.30438232
4,12,video0004_frame0012_R128x128.png,418,647,-6.292236328,0.935974121,19.92102051,16.16992188,-26.21325684,-15.23394775
5,1,video0005_frame0001_R128x128.png,502,502,-1.244506836,-1.244506836,23.5894165,23.5894165,-24.83392334,-24.83392334
5,2,video0005_frame0002_R128x128.png,434,434,-2.895385742,-2.895385742,14.59246826,14.59246826,-17.487854,-17.487854
5,3,video0005_frame0003_R128x128.png,438,438,0.074829102,0.074829102,17.05474854,17.05474854,-16.97991943,-16.97991943
5,4,video0005_frame0004_R128x128.png,1148,1148,4.464355469,4.464355469,19.38293457,19.38293457,-14.9185791,-14.9185791
5,5,video0005_frame0005_R128x128.png,913,913,4.148864746,4.148864746,19.94873047,19.94873047,-15.79986572,-15.79986572
5,6,video0005_frame0006_R128x128.png,347,347,-3.71875,-3.71875,16.69854736,16.69854736,-20.41729736,-20.41729736
5,7,video0005_frame0007_R128x128.png,1025,1344,2.715759277,5.884643555,18.97003174,19.1350708,-16.25427246,-13.25042725
5,8,video0005_frame0008_R128x128.png,735,1284,-1.609802246,5.356140137,18.88452148,13.93432617,-20.49432373,-8.578186035
5,9,video0005_frame0009_R128x128.png,698,1766,-1.393371582,10.85791016,18.54614258,15.27886963,-19.93951416,-4.420959473
5,10,video0005_frame0010_R128x128.png,1007,1261,0.448303223,3.294250488,18.23510742,18.64776611,-17.7868042,-15.35351563
5,11,video0005_frame0011_R128x128.png,1064,1355,-0.437316895,4.562438965,18.10461426,20.09759521,-18.54193115,-15.53515625
5,12,video0005_frame0012_R128x128.png,668,1867,-3.106384277,10.03320313,19.57849121,20.87286377,-22.68487549,-10.83966064
6,1,video0006_frame0001_R128x128.png,2025,2025,12.8894043,12.8894043,13.33898926,13.33898926,-0.449584961,-0.449584961
6,2,video0006_frame0002_R128x128.png,2011,2011,12.84796143,12.84796143,14.36956787,14.36956787,-1.521606445,-1.521606445
6,3,video0006_frame0003_R128x128.png,4617,4617,27.2980957,27.2980957,12.60516357,12.60516357,14.69293213,14.69293213
6,4,video0006_frame0004_R128x128.png,5096,5096,31.20281982,31.20281982,11.96044922,11.96044922,19.24237061,19.24237061
6,5,video0006_frame0005_R128x128.png,2257,2257,14.0491333,14.0491333,14.78326416,14.78326416,-0.734130859,-0.734130859
6,6,video0006_frame0006_R128x128.png,4247,4247,28.74981689,28.74981689,15.23022461,15.23022461,13.51959229,13.51959229
6,7,video0006_frame0007_R128x128.png,3283,4449,18.57269287,29.44818115,16.71673584,14.10131836,1.855957031,15.34686279
6,8,video0006_frame0008_R128x128.png,3344,4428,18.06970215,28.5725708,16.37280273,12.76538086,1.696899414,15.80718994
6,9,video0006_frame0009_R128x128.png,3309,2981,18.2510376,19.79199219,15.11956787,13.01287842,3.131469727,6.77911377
6,10,video0006_frame0010_R128x128.png,2470,3698,12.45928955,23.43835449,16.27319336,15.37878418,-3.813903809,8.059570313
6,11,video0006_frame0011_R128x128.png,3237,4221,16.39862061,26.91595459,19.07037354,14.68084717,-2.67175293,12.23510742
6,12,video0006_frame0012_R128x128.png,3429,8941,16.6986084,52.85266113,17.56365967,10.01568604,-0.86505127,42.8369751
7,1,video0007_frame0001_R128x128.png,548,548,-4.519714355,-4.519714355,15.2878418,15.2878418,-19.80755615,-19.80755615
7,2,video0007_frame0002_R128x128.png,251,251,-6.476135254,-6.476135254,16.6930542,16.6930542,-23.16918945,-23.16918945
7,3,video0007_frame0003_R128x128.png,475,475,-6.010253906,-6.010253906,14.79321289,14.79321289,-20.8034668,-20.8034668
7,4,video0007_frame0004_R128x128.png,515,515,-3.603393555,-3.603393555,19.07202148,19.07202148,-22.67541504,-22.67541504
7,5,video0007_frame0005_R128x128.png,479,479,-3.323852539,-3.323852539,15.57373047,15.57373047,-18.89758301,-18.89758301
7,6,video0007_frame0006_R128x128.png,242,242,-3.647949219,-3.647949219,17.56164551,17.56164551,-21.20959473,-21.20959473
7,7,video0007_frame0007_R128x128.png,501,247,-3.366638184,-8.030273438,18.75384521,22.94262695,-22.1204834,-30.97290039
7,8,video0007_frame0008_R128x128.png,282,461,-5.403564453,-3.088684082,21.6305542,23.08105469,-27.03411865,-26.16973877
7,9,video0007_frame0009_R128x128.png,481,583,-4.350524902,0.615905762,20.2711792,16.08929443,-24.6217041,-15.47338867
7,10,video0007_frame0010_R128x128.png,369,495,-2.458007813,0.409545898,21.37927246,12.9039917,-23.83728027,-12.4944458
7,11,video0007_frame0011_R128x128.png,282,512,-5.699035645,-1.633178711,16.22912598,15.20654297,-21.92816162,-16.83972168
7,12,video0007_frame0012_R128x128.png,431,476,-6.475463867,-5.579284668,19.28320313,20.38299561,-25.75866699,-25.96228027
8,1,video0008_frame0001_R128x128.png,370,370,-5.846313477,-5.846313477,16.79193115,16.79193115,-22.63824463,-22.63824463
8,2,video0008_frame0002_R128x128.png,458,458,-0.006958008,-0.006958008,14.60125732,14.60125732,-14.60821533,-14.60821533
8,3,video0008_frame0003_R128x128.png,821,821,3.143798828,3.143798828,14.58349609,14.58349609,-11.43969727,-11.43969727
8,4,video0008_frame0004_R128x128.png,677,677,-0.321594238,-0.321594238,17.23999023,17.23999023,-17.56158447,-17.56158447
8,5,video0008_frame0005_R128x128.png,1014,1014,3.146179199,3.146179199,19.14801025,19.14801025,-16.00183105,-16.00183105
8,6,video0008_frame0006_R128x128.png,1370,1370,7.801330566,7.801330566,17.21856689,17.21856689,-9.417236328,-9.417236328
8,7,video0008_frame0007_R128x128.png,1238,947,3.762634277,1.481872559,18.28662109,14.12957764,-14.52398682,-12.64770508
8,8,video0008_frame0008_R128x128.png,725,2364,-1.821777344,11.45166016,18.34161377,14.95300293,-20.16339111,-3.501342773
8,9,video0008_frame0009_R128x128.png,781,1764,-0.99017334,8.557922363,18.84448242,14.47937012,-19.83465576,-5.921447754
8,10,video0008_frame0010_R128x128.png,952,2329,0.562744141,12.51824951,17.87255859,17.57775879,-17.30981445,-5.059509277
8,11,video0008_frame0011_R128x128.png,980,1090,-0.692382813,3.899169922,16.70593262,15.8092041,-17.39831543,-11.91003418
8,12,video0008_frame0012_R128x128.png,747,736,-2.248657227,-0.163269043,20.54528809,16.58062744,-22.79394531,-16.74389648
9,1,video0009_frame0001_R128x128.png,2150,2150,12.75170898,12.75170898,14.52526855,14.52526855,-1.77355957,-1.77355957
9,2,video0009_frame0002_R128x128.png,2097,2097,11.22253418,11.22253418,17.18890381,17.18890381,-5.966369629,-5.966369629
9,3,video0009_frame0003_R128x128.png,1739,1739,10.38598633,10.38598633,18.55725098,18.55725098,-8.171264648,-8.171264648
9,4,video0009_frame0004_R128x128.png,2124,2124,13.87786865,13.87786865,14.7220459,14.7220459,-0.844177246,-0.844177246
9,5,video0009_frame0005_R128x128.png,3951,3951,26.07788086,26.07788086,13.65887451,13.65887451,12.41900635,12.41900635
9,6,video0009_frame0006_R128x128.png,4194,4194,26.89093018,26.89093018,14.15246582,14.15246582,12.73846436,12.73846436
9,7,video0009_frame0007_R128x128.png,3104,4312,15.51855469,26.8013916,17.06195068,15.21643066,-1.543395996,11.58496094
9,8,video0009_frame0008_R128x128.png,3343,4413,16.78509521,27.22106934,15.82159424,12.46307373,0.963500977,14.75799561
9,9,video0009_frame0009_R128x128.png,2098,4595,8.490234375,29.69293213,16.86871338,14.90515137,-8.378479004,14.78778076
9,10,video0009_frame0010_R128x128.png,2322,5390,8.742248535,35.37597656,17.11010742,13.85345459,-8.367858887,21.52252197
9,11,video0009_frame0011_R128x128.png,2823,6150,13.93359375,41.5479126,16.33929443,11.43115234,-2.405700684,30.11676025
9,12,video0009_frame0012_R128x128.png,2570,4827,10.48199463,31.86206055,17.91027832,13.99163818,-7.428283691,17.87042236
10,1,video0010_frame0001_R128x128.png,414,414,-6.255493164,-6.255493164,14.96710205,14.96710205,-21.22259521,-21.22259521
10,2,video0010_frame0002_R128x128.png,477,477,-3.944946289,-3.944946289,15.33813477,15.33813477,-19.28308105,-19.28308105
10,3,video0010_frame0003_R128x128.png,591,591,-4.913635254,-4.913635254,13.12628174,13.12628174,-18.03991699,-18.03991699
10,4,video0010_frame0004_R128x128.png,727,727,-4.444946289,-4.444946289,21.9206543,21.9206543,-26.36560059,-26.36560059
10,5,video0010_frame0005_R128x128.png,430,430,-5.841064453,-5.841064453,14.78033447,14.78033447,-20.62139893,-20.62139893
10,6,video0010_frame0006_R128x128.png,387,387,-5.04119873,-5.04119873,18.12280273,18.12280273,-23.16400146,-23.16400146
10,7,video0010_frame0007_R128x128.png,590,324,-2.98840332,-4.151184082,19.80419922,18.35876465,-22.79260254,-22.50994873
10,8,video0010_frame0008_R128x128.png,261,362,-4.96295166,-1.231140137,22.36767578,21.12957764,-27.33062744,-22.36071777
10,9,video0010_frame0009_R128x128.png,408,343,-4.457336426,-0.867492676,16.81286621,15.81243896,-21.27020264,-16.67993164
10,10,video0010_frame0010_R128x128.png,442,415,-2.470275879,-2.030822754,18.02685547,14.52880859,-20.49713135,-16.55963135
10,11,video0010_frame0011_R128x128.png,186,352,-5.632385254,-7.790344238,15.98730469,20.06945801,-21.61968994,-27.85980225
10,12,video0010_frame0012_R128x128.png,306,395,-6.281982422,-2.782775879,19.04229736,17.38922119,-25.32427979,-20.17199707
11,1,video0011_frame0001_R128x128.png,697,697,1.708984375,1.708984375,20.59375,20.59375,-18.88476563,-18.88476563
11,2,video0011_frame0002_R128x128.png,641,641,1.89654541,1.89654541,15.4375,15.4375,-13.54095459,-13.54095459
11,3,video0011_frame0003_R128x128.png,771,771,1.052001953,1.052001953,16.32104492,16.32104492,-15.26904297,-15.26904297
11,4,video0011_frame0004_R128x128.png,603,603,-3.894165039,-3.894165039,19.69946289,19.69946289,-23.59362793,-23.59362793
11,5,video0011_frame0005_R128x128.png,342,342,-4.713134766,-4.713134766,16.3260498,16.3260498,-21.03918457,-21.03918457
11,6,video0011_frame0006_R128x128.png,1049,1049,5.197387695,5.197387695,15.33953857,15.33953857,-10.14215088,-10.14215088
11,7,video0011_frame0007_R128x128.png,860,968,0.358215332,4.474182129,19.64056396,15.24761963,-19.28234863,-10.7734375
11,8,video0011_frame0008_R128x128.png,751,879,-1.952758789,3.824829102,17.48858643,15.27313232,-19.44134521,-11.44830322
11,9,video0011_frame0009_R128x128.png,855,1037,-1.434753418,-1.616638184,17.47601318,20.60528564,-18.9107666,-22.22192383
11,10,video0011_frame0010_R128x128.png,787,1331,-1.706481934,4.018554688,16.84692383,14.96051025,-18.55340576,-10.94195557
11,11,video0011_frame0011_R128x128.png,862,1795,-1.343139648,9.239501953,17.31756592,16.44250488,-18.66070557,-7.20300293
11,12,video0011_frame0012_R128x128.png,870,2413,-2.156494141,15.66912842,19.92956543,17.31616211,-22.08605957,-1.647033691
12,1,video0012_frame0001_R128x128.png,1749,1749,8.76763916,8.76763916,13.37518311,13.37518311,-4.607543945,-4.607543945
12,2,video0012_frame0002_R128x128.png,3982,3982,22.35717773,22.35717773,15.25482178,15.25482178,7.102355957,7.102355957
12,3,video0012_frame0003_R128x128.png,3293,3293,22.34344482,22.34344482,14.02325439,14.02325439,8.32019043,8.32019043
12,4,video0012_frame0004_R128x128.png,3723,3723,24.24066162,24.24066162,16.23138428,16.23138428,8.009277344,8.009277344
12,5,video0012_frame0005_R128x128.png,3824,3824,22.49578857,22.49578857,16.31640625,16.31640625,6.179382324,6.179382324
12,6,video0012_frame0006_R128x128.png,3030,3030,12.85919189,12.85919189,19.04150391,19.04150391,-6.182312012,-6.182312012
12,7,video0012_frame0007_R128x128.png,3163,3195,15.99060059,13.41650391,16.69000244,18.24005127,-0.699401855,-4.823547363
12,8,video0012_frame0008_R128x128.png,3981,3259,20.97540283,13.14764404,13.56738281,15.3583374,7.40802002,-2.210693359
12,9,video0012_frame0009_R128x128.png,3515,4672,19.03289795,29.16564941,13.96325684,13.29644775,5.069641113,15.86920166
12,10,video0012_frame0010_R128x128.png,2830,5402,13.30731201,33.83135986,16.67279053,14.14373779,-3.365478516,19.68762207
12,11,video0012_frame0011_R128x128.png,3001,4292,14.5881958,21.70928955,16.15771484,16.99462891,-1.569519043,4.714660645
12,12,video0012_frame0012_R128x128.png,3178,7006,13.57757568,45.94128418,19.42730713,12.17419434,-5.849731445,33.76708984
13,1,video0013_frame0001_R128x128.png,561,561,-3,-3,14.44970703,14.44970703,-17.44970703,-17.44970703
13,2,video0013_frame0002_R128x128.png,514,514,-4.548217773,-4.548217773,14.54077148,14.54077148,-19.08898926,-19.08898926
13,3,video0013_frame0003_R128x128.png,348,348,-8.91027832,-8.91027832,20.49554443,20.49554443,-29.40582275,-29.40582275
13,4,video0013_frame0004_R128x128.png,324,324,-3.166381836,-3.166381836,14.58465576,14.58465576,-17.7510376,-17.7510376
13,5,video0013_frame0005_R128x128.png,257,257,-2.097351074,-2.097351074,14.33215332,14.33215332,-16.42950439,-16.42950439
13,6,video0013_frame0006_R128x128.png,678,678,-0.989562988,-0.989562988,14.87414551,14.87414551,-15.8637085,-15.8637085
13,7,video0013_frame0007_R128x128.png,379,391,-4.831665039,-3.902160645,17.01147461,18.30743408,-21.84313965,-22.20959473
13,8,video0013_frame0008_R128x128.png,382,367,-5.154602051,-6.910339355,15.30383301,18.36755371,-20.45843506,-25.27789307
13,9,video0013_frame0009_R128x128.png,434,335,-5.355834961,-4.03692627,18.9175415,15.51794434,-24.27337646,-19.55487061
13,10,video0013_frame0010_R128x128.png,489,338,-3.10546875,-1.811523438,16.21185303,16.02679443,-19.31732178,-17.83831787
13,11,video0013_frame0011_R128x128.png,231,639,-5.711975098,-0.028503418,17.55700684,16.1026001,-23.26898193,-16.13110352
13,12,video0013_frame0012_R128x128.png,408,488,-4.973266602,-1.653381348,20.78820801,21.44836426,-25.76147461,-23.10174561
14,1,video0014_frame0001_R128x128.png,543,543,0.092163086,0.092163086,14.76971436,14.76971436,-14.67755127,-14.67755127
14,2,video0014_frame0002_R128x128.png,858,858,-0.875854492,-0.875854492,16.19366455,16.19366455,-17.06951904,-17.06951904
14,3,video0014_frame0003_R128x128.png,543,543,-1.692077637,-1.692077637,17.11590576,17.11590576,-18.8079834,-18.8079834
14,4,video0014_frame0004_R128x128.png,732,732,2.500183105,2.500183105,20.31359863,20.31359863,-17.81341553,-17.81341553
14,5,video0014_frame0005_R128x128.png,881,881,3.858093262,3.858093262,12.83990479,12.83990479,-8.981811523,-8.981811523
14,6,video0014_frame0006_R128x128.png,784,784,0.636962891,0.636962891,13.70306396,13.70306396,-13.06610107,-13.06610107
14,7,video0014_frame0007_R128x128.png,1174,1851,2.568054199,7.301818848,15.72338867,15.92266846,-13.15533447,-8.620849609
14,8,video0014_frame0008_R128x128.png,671,1597,-2.902709961,7.794372559,16.34716797,14.33990479,-19.24987793,-6.545532227
14,9,video0014_frame0009_R128x128.png,767,2248,0.864746094,12.82574463,18.55908203,17.19042969,-17.69433594,-4.364685059
14,10,video0014_frame0010_R128x128.png,899,1760,1.07019043,11.59869385,18.75836182,18.29052734,-17.68817139,-6.691833496
14,11,video0014_frame0011_R128x128.png,786,2318,-1.758972168,13.86029053,15.56347656,17.1151123,-17.32244873,-3.254821777
14,12,video0014_frame0012_R128x128.png,722,1804,-2.8671875,10.20336914,20.32757568,14.74719238,-23.19476318,-4.543823242
15,1,video0015_frame0001_R128x128.png,1788,1788,9.665466309,9.665466309,14.45770264,14.45770264,-4.792236328,-4.792236328
15,2,video0015_frame0002_R128x128.png,2731,2731,17.6965332,17.6965332,17.41845703,17.41845703,0.278076172,0.278076172
15,3,video0015_frame0003_R128x128.png,2215,2215,6.948486328,6.948486328,20.37939453,20.37939453,-13.4309082,-13.4309082
15,4,video0015_frame0004_R128x128.png,2500,2500,9.29699707,9.29699707,19.81817627,19.81817627,-10.5211792,-10.5211792
15,5,video0015_frame0005_R128x128.png,2672,2672,14.80401611,14.80401611,17.41680908,17.41680908,-2.612792969,-2.612792969
15,6,video0015_frame0006_R128x128.png,3460,3460,19.65844727,19.65844727,16.70800781,16.70800781,2.950439453,2.950439453
15,7,video0015_frame0007_R128x128.png,2895,3599,14.66674805,19.92376709,16.79748535,16.4699707,-2.130737305,3.453796387
15,8,video0015_frame0008_R128x128.png,3028,3674,14.98748779,18.7043457,15.48162842,16.72821045,-0.494140625,1.976135254
15,9,video0015_frame0009_R128x128.png,2621,3450,11.38366699,19.83850098,15.70806885,16.05566406,-4.324401855,3.782836914
15,10,video0015_frame0010_R128x128.png,2422,4051,10.00042725,24.41156006,16.02978516,15.48651123,-6.02935791,8.925048828
15,11,video0015_frame0011_R128x128.png,3037,4928,15.62738037,28.40313721,15.47625732,15.01611328,0.151123047,13.38702393
15,12,video0015_frame0012_R128x128.png,2786,5440,11.99517822,33.41876221,18.51873779,13.59777832,-6.52355957,19.82098389
16,1,video0016_frame0001_R128x128.png,486,486,-4.865600586,-4.865600586,14.09509277,14.09509277,-18.96069336,-18.96069336
16,2,video0016_frame0002_R128x128.png,352,352,-9.335144043,-9.335144043,19.04577637,19.04577637,-28.38092041,-28.38092041
16,3,video0016_frame0003_R128x128.png,631,631,-4.729248047,-4.729248047,16.33746338,16.33746338,-21.06671143,-21.06671143
16,4,video0016_frame0004_R128x128.png,511,511,-3.297790527,-3.297790527,14.58483887,14.58483887,-17.88262939,-17.88262939
16,5,video0016_frame0005_R128x128.png,452,452,-4.127929688,-4.127929688,15.17205811,15.17205811,-19.29998779,-19.29998779
16,6,video0016_frame0006_R128x128.png,330,330,-3.411621094,-3.411621094,16.81665039,16.81665039,-20.22827148,-20.22827148
16,7,video0016_frame0007_R128x128.png,361,296,-4.273071289,-7.87286377,16.65814209,20.49920654,-20.93121338,-28.37207031
16,8,video0016_frame0008_R128x128.png,420,486,-4.920837402,-0.439025879,18.76293945,16.18371582,-23.68377686,-16.6227417
16,9,video0016_frame0009_R128x128.png,413,305,-5.118286133,-1.178466797,17.74017334,15.36950684,-22.85845947,-16.54797363
16,10,video0016_frame0010_R128x128.png,405,522,-3.792785645,0.600280762,19.03582764,17.04278564,-22.82861328,-16.44250488
16,11,video0016_frame0011_R128x128.png,282,444,-5.508850098,-2.956726074,22.52093506,17.01318359,-28.02978516,-19.96990967
17,12,video0016_frame0012_R128x128.png,279,469,-5.989013672,-6.318725586,20.13031006,17.25561523,-26.11932373,-23.57434082
17,1,video0017_frame0001_R128x128.png,374,374,-3.445983887,-3.445983887,15.80316162,15.80316162,-19.24914551,-19.24914551
17,2,video0017_frame0002_R128x128.png,351,351,-1.186096191,-1.186096191,15.16363525,15.16363525,-16.34973145,-16.34973145
17,3,video0017_frame0003_R128x128.png,956,956,3.086120605,3.086120605,16.65625,16.65625,-13.57012939,-13.57012939
17,4,video0017_frame0004_R128x128.png,824,824,2.049926758,2.049926758,23.00006104,23.00006104,-20.95013428,-20.95013428
17,5,video0017_frame0005_R128x128.png,1022,1022,3.727600098,3.727600098,15.62524414,15.62524414,-11.89764404,-11.89764404
17,6,video0017_frame0006_R128x128.png,805,805,3.214172363,3.214172363,14.88342285,14.88342285,-11.66925049,-11.66925049
17,7,video0017_frame0007_R128x128.png,1349,733,4.371704102,2.715270996,18.18713379,16.95684814,-13.81542969,-14.24157715
17,8,video0017_frame0008_R128x128.png,771,920,-2.012268066,-2.352416992,17.54125977,22.72387695,-19.55352783,-25.07629395
17,9,video0017_frame0009_R128x128.png,876,1313,-0.113830566,4.15625,18.94598389,20.19213867,-19.05981445,-16.03588867
17,10,video0017_frame0010_R128x128.png,1173,1786,1.893310547,9.295532227,16.52386475,17.66412354,-14.6305542,-8.368591309
17,11,video0017_frame0011_R128x128.png,1069,1636,-0.101013184,9.320922852,17.31835938,12.16448975,-17.41937256,-2.843566895
17,12,video0017_frame0012_R128x128.png,908,1463,-1.479187012,6.17199707,19.9755249,13.73510742,-21.45471191,-7.563110352
18,1,video0018_frame0001_R128x128.png,678,678,2.091247559,2.091247559,14.98059082,14.98059082,-12.88934326,-12.88934326
18,2,video0018_frame0002_R128x128.png,351,351,-1.186096191,-1.186096191,15.16363525,15.16363525,-16.34973145,-16.34973145
18,3,video0018_frame0003_R128x128.png,858,858,-0.875854492,-0.875854492,16.19366455,16.19366455,-17.06951904,-17.06951904
18,4,video0018_frame0004_R128x128.png,531,531,-0.664245605,-0.664245605,14.51080322,14.51080322,-15.17504883,-15.17504883
18,5,video0018_frame0005_R128x128.png,641,641,1.89654541,1.89654541,15.4375,15.4375,-13.54095459,-13.54095459
18,6,video0018_frame0006_R128x128.png,458,458,-0.006958008,-0.006958008,14.60125732,14.60125732,-14.60821533,-14.60821533
18,7,video0018_frame0007_R128x128.png,697,434,-1.174865723,-2.895385742,18.37872314,14.59246826,-19.55358887,-17.487854
18,8,video0018_frame0008_R128x128.png,821,680,-0.995544434,0.958496094,16.17382813,16.45715332,-17.16937256,-15.49865723
18,9,video0018_frame0009_R128x128.png,613,525,-0.87322998,1.005432129,16.93048096,15.45025635,-17.80371094,-14.44482422
18,10,video0018_frame0010_R128x128.png,902,824,0.854980469,3.080932617,16.3994751,13.98712158,-15.54449463,-10.90618896
18,11,video0018_frame0011_R128x128.png,663,291,-2.590148926,-5.578674316,18.89605713,18.24945068,-21.48620605,-23.828125
18,12,video0018_frame0012_R128x128.png,507,655,-3.530639648,0.561645508,22.75195313,17.89550781,-26.28259277,-17.3338623
19,1,video0019_frame0001_R128x128.png,601,601,1.253356934,1.253356934,20.51470947,20.51470947,-19.26135254,-19.26135254
19,2,video0019_frame0002_R128x128.png,412,412,-1.517028809,-1.517028809,15.43389893,15.43389893,-16.95092773,-16.95092773
19,3,video0019_frame0003_R128x128.png,551,551,-5.136779785,-5.136779785,20.52404785,20.52404785,-25.66082764,-25.66082764
19,4,video0019_frame0004_R128x128.png,579,579,-1.031433105,-1.031433105,19.48895264,19.48895264,-20.52038574,-20.52038574
19,5,video0019_frame0005_R128x128.png,956,956,3.086120605,3.086120605,16.65625,16.65625,-13.57012939,-13.57012939
19,6,video0019_frame0006_R128x128.png,543,543,-1.692077637,-1.692077637,17.11590576,17.11590576,-18.8079834,-18.8079834
19,7,video0019_frame0007_R128x128.png,557,490,0.153198242,-6.147766113,18.06933594,21.99255371,-17.9161377,-28.14031982
19,8,video0019_frame0008_R128x128.png,947,771,-0.23260498,1.052001953,19.04614258,16.32104492,-19.27874756,-15.26904297
19,9,video0019_frame0009_R128x128.png,846,821,-1.439331055,3.143798828,18.61291504,14.58349609,-20.05224609,-11.43969727
19,10,video0019_frame0010_R128x128.png,572,438,-1.852294922,0.074829102,17.35101318,17.05474854,-19.20330811,-16.97991943
19,11,video0019_frame0011_R128x128.png,1022,1043,-0.058959961,0.839782715,19.74316406,15.65344238,-19.80212402,-14.81365967
19,12,video0019_frame0012_R128x128.png,824,649,-1.75793457,0.257446289,19.46478271,16.69885254,-21.22271729,-16.44140625
20,1,video0020_frame0001_R128x128.png,771,771,3.308288574,3.308288574,16.15008545,16.15008545,-12.84179688,-12.84179688
20,2,video0020_frame0002_R128x128.png,568,568,0.966247559,0.966247559,15.53790283,15.53790283,-14.57165527,-14.57165527
20,3,video0020_frame0003_R128x128.png,542,542,-1.911499023,-1.911499023,14.78991699,14.78991699,-16.70141602,-16.70141602
20,4,video0020_frame0004_R128x128.png,844,844,2.415100098,2.415100098,14.17999268,14.17999268,-11.76489258,-11.76489258
20,5,video0020_frame0005_R128x128.png,699,699,2.079589844,2.079589844,19.71136475,19.71136475,-17.6317749,-17.6317749
20,6,video0020_frame0006_R128x128.png,995,995,4.631469727,4.631469727,15.05767822,15.05767822,-10.4262085,-10.4262085
20,7,video0020_frame0007_R128x128.png,441,256,-1.749023438,-5.44354248,14.77032471,16.66119385,-16.51934814,-22.10473633
20,8,video0020_frame0008_R128x128.png,747,824,-1.574035645,2.049926758,18.26208496,23.00006104,-19.83612061,-20.95013428
20,9,video0020_frame0009_R128x128.png,740,732,1.542907715,2.500183105,24.38671875,20.31359863,-22.84381104,-17.81341553
20,10,video0020_frame0010_R128x128.png,501,474,-0.910461426,-0.620849609,15.5670166,16.84191895,-16.47747803,-17.46276855
20,11,video0020_frame0011_R128x128.png,699,603,-1.54107666,-3.894165039,19.45581055,19.69946289,-20.99688721,-23.59362793
20,12,video0020_frame0012_R128x128.png,746,677,-1.808044434,-0.321594238,25.09759521,17.23999023,-26.90563965,-17.56158447
22,1,video0022_frame0001_R128x128.png,1145,1145,5.756958008,5.756958008,16.61901855,16.61901855,-10.86206055,-10.86206055
22,2,video0022_frame0002_R128x128.png,342,342,-4.713134766,-4.713134766,16.3260498,16.3260498,-21.03918457,-21.03918457
22,3,video0022_frame0003_R128x128.png,1014,1014,3.146179199,3.146179199,19.14801025,19.14801025,-16.00183105,-16.00183105
22,4,video0022_frame0004_R128x128.png,913,913,4.148864746,4.148864746,19.94873047,19.94873047,-15.79986572,-15.79986572
22,5,video0022_frame0005_R128x128.png,575,575,-0.202331543,-0.202331543,16.99072266,16.99072266,-17.1930542,-17.1930542
22,6,video0022_frame0006_R128x128.png,746,746,0.449951172,0.449951172,21.01037598,21.01037598,-20.5604248,-20.5604248
22,7,video0022_frame0007_R128x128.png,1416,1313,6.101257324,6.085998535,16.53643799,18.80737305,-10.43518066,-12.72137451
22,8,video0022_frame0008_R128x128.png,850,717,0.500366211,-0.232116699,16.03656006,18.04089355,-15.53619385,-18.27301025
22,9,video0022_frame0009_R128x128.png,660,676,-0.986633301,-4.418762207,18.64208984,21.96533203,-19.62872314,-26.38409424
22,10,video0022_frame0010_R128x128.png,1142,1096,1.584411621,3.73236084,17.2756958,16.49945068,-15.69128418,-12.76708984
22,11,video0022_frame0011_R128x128.png,1320,1142,1.450744629,6.123840332,15.828125,15.03631592,-14.37738037,-8.912475586
22,12,video0022_frame0012_R128x128.png,864,613,-1.394104004,1.623962402,17.59692383,15.53704834,-18.99102783,-13.91308594
23,1,video0023_frame0001_R128x128.png,1515,1515,4.520935059,4.520935059,16.41503906,16.41503906,-11.894104,-11.894104
23,2,video0023_frame0002_R128x128.png,913,913,2.890014648,2.890014648,13.70922852,13.70922852,-10.81921387,-10.81921387
23,3,video0023_frame0003_R128x128.png,805,805,3.214172363,3.214172363,14.88342285,14.88342285,-11.66925049,-11.66925049
23,4,video0023_frame0004_R128x128.png,784,784,0.636962891,0.636962891,13.70306396,13.70306396,-13.06610107,-13.06610107
23,5,video0023_frame0005_R128x128.png,1140,1140,5.010314941,5.010314941,15.00524902,15.00524902,-9.994934082,-9.994934082
23,6,video0023_frame0006_R128x128.png,1049,1049,5.197387695,5.197387695,15.33953857,15.33953857,-10.14215088,-10.14215088
23,7,video0023_frame0007_R128x128.png,1800,1370,7.661560059,7.801330566,15.86401367,17.21856689,-8.202453613,-9.417236328
23,8,video0023_frame0008_R128x128.png,497,347,-3.158935547,-3.71875,17.90771484,16.69854736,-21.06665039,-20.41729736
23,9,video0023_frame0009_R128x128.png,1260,1136,5.977844238,4.588378906,21.65856934,19.26873779,-15.6807251,-14.68035889
23,10,video0023_frame0010_R128x128.png,1413,1098,6.417907715,5.926147461,15.11437988,19.53082275,-8.696472168,-13.60467529
23,11,video0023_frame0011_R128x128.png,712,610,-0.754638672,1.034667969,15.93920898,18.23687744,-16.69384766,-17.20220947
23,12,video0023_frame0012_R128x128.png,1045,905,0.069091797,1.252380371,18.60479736,18.88421631,-18.53570557,-17.63183594
24,1,video0024_frame0001_R128x128.png,1621,1621,8.48236084,8.48236084,15.91192627,15.91192627,-7.42956543,-7.42956543
24,2,video0024_frame0002_R128x128.png,864,864,0.619995117,0.619995117,20.30407715,20.30407715,-19.68408203,-19.68408203
24,3,video0024_frame0003_R128x128.png,742,742,-4.077819824,-4.077819824,21.61022949,21.61022949,-25.68804932,-25.68804932
24,4,video0024_frame0004_R128x128.png,1282,1282,4.50970459,4.50970459,20.362854,20.362854,-15.85314941,-15.85314941
24,5,video0024_frame0005_R128x128.png,1332,1332,7.509460449,7.509460449,15.04467773,15.04467773,-7.535217285,-7.535217285
24,6,video0024_frame0006_R128x128.png,733,733,2.715270996,2.715270996,16.95684814,16.95684814,-14.24157715,-14.24157715
24,7,video0024_frame0007_R128x128.png,1984,1851,7.486206055,7.301818848,17.03845215,15.92266846,-9.552246094,-8.620849609
24,8,video0024_frame0008_R128x128.png,1185,1076,2.102783203,3.526367188,16.18493652,14.22064209,-14.08215332,-10.6942749
24,9,video0024_frame0009_R128x128.png,1036,968,1.455566406,4.474182129,18.57836914,15.24761963,-17.12280273,-10.7734375
24,10,video0024_frame0010_R128x128.png,1141,947,1.072753906,1.481872559,16.16851807,14.12957764,-15.09576416,-12.64770508
24,11,video0024_frame0011_R128x128.png,1422,1344,5.162536621,5.884643555,14.3024292,19.1350708,-9.139892578,-13.25042725
24,12,video0024_frame0012_R128x128.png,1331,1266,2.226806641,6.569274902,24.13677979,15.07598877,-21.90997314,-8.506713867
25,1,video0025_frame0001_R128x128.png,1678,1678,9.823120117,9.823120117,17.03326416,17.03326416,-7.210144043,-7.210144043
25,2,video0025_frame0002_R128x128.png,432,432,-3.455749512,-3.455749512,18.42730713,18.42730713,-21.88305664,-21.88305664
25,3,video0025_frame0003_R128x128.png,1292,1292,5.530212402,5.530212402,18.17596436,18.17596436,-12.64575195,-12.64575195
25,4,video0025_frame0004_R128x128.png,1301,1301,7.197143555,7.197143555,19.32397461,19.32397461,-12.12683105,-12.12683105
25,5,video0025_frame0005_R128x128.png,736,736,1.623168945,1.623168945,19.96154785,19.96154785,-18.33837891,-18.33837891
25,6,video0025_frame0006_R128x128.png,1127,1127,3.10925293,3.10925293,17.36395264,17.36395264,-14.25469971,-14.25469971
25,7,video0025_frame0007_R128x128.png,2165,2044,11.17053223,11.45440674,16.43731689,17.59576416,-5.266784668,-6.141357422
25,8,video0025_frame0008_R128x128.png,1204,1045,2.678283691,2.302368164,18.13067627,18.56561279,-15.45239258,-16.26324463
25,9,video0025_frame0009_R128x128.png,814,920,0.366455078,-2.352416992,18.04388428,22.72387695,-17.6774292,-25.07629395
25,10,video0025_frame0010_R128x128.png,1764,1597,5.408203125,7.794372559,14.30297852,14.33990479,-8.894775391,-6.545532227
25,11,video0025_frame0011_R128x128.png,1695,1626,4.015563965,9.309753418,17.25018311,19.27575684,-13.23461914,-9.966003418
25,12,video0025_frame0012_R128x128.png,995,879,-0.034484863,3.824829102,18.05499268,15.27313232,-18.08947754,-11.44830322
26,1,video0026_frame0001_R128x128.png,2364,2364,11.45166016,11.45166016,14.95300293,14.95300293,-3.501342773,-3.501342773
26,2,video0026_frame0002_R128x128.png,1284,1284,5.356140137,5.356140137,13.93432617,13.93432617,-8.578186035,-8.578186035
26,3,video0026_frame0003_R128x128.png,1212,1212,6.586669922,6.586669922,13.95135498,13.95135498,-7.364685059,-7.364685059
26,4,video0026_frame0004_R128x128.png,1185,1185,3.68560791,3.68560791,17.12268066,17.12268066,-13.43707275,-13.43707275
26,5,video0026_frame0005_R128x128.png,1552,1552,8.036132813,8.036132813,14.42102051,14.42102051,-6.384887695,-6.384887695
26,6,video0026_frame0006_R128x128.png,1514,1514,8.799377441,8.799377441,13.78369141,13.78369141,-4.984313965,-4.984313965
26,7,video0026_frame0007_R128x128.png,2472,2044,11.90435791,13.35552979,14.41137695,15.65185547,-2.507019043,-2.296325684
26,8,video0026_frame0008_R128x128.png,782,551,-1.08984375,-2.194030762,15.01525879,16.24554443,-16.10510254,-18.4395752
26,9,video0026_frame0009_R128x128.png,1592,1561,8.459777832,7.916503906,20.9675293,21.58679199,-12.50775146,-13.67028809
26,10,video0026_frame0010_R128x128.png,1895,1596,9.863647461,10.11120605,13.8572998,17.55560303,-3.993652344,-7.444396973
26,11,video0026_frame0011_R128x128.png,1033,939,1.961242676,3.593261719,18.16833496,16.69378662,-16.20709229,-13.1005249
26,12,video0026_frame0012_R128x128.png,1276,1313,1.998901367,4.15625,17.81530762,20.19213867,-15.81640625,-16.03588867
27,1,video0027_frame0001_R128x128.png,2248,2248,12.82574463,12.82574463,17.19042969,17.19042969,-4.364685059,-4.364685059
27,2,video0027_frame0002_R128x128.png,1209,1209,3.485046387,3.485046387,18.1920166,18.1920166,-14.70697021,-14.70697021
27,3,video0027_frame0003_R128x128.png,1037,1037,-1.616638184,-1.616638184,20.60528564,20.60528564,-22.22192383,-22.22192383
27,4,video0027_frame0004_R128x128.png,1764,1764,8.557922363,8.557922363,14.47937012,14.47937012,-5.921447754,-5.921447754
27,5,video0027_frame0005_R128x128.png,1766,1766,10.85791016,10.85791016,15.27886963,15.27886963,-4.420959473,-4.420959473
27,6,video0027_frame0006_R128x128.png,1005,1005,4.290344238,4.290344238,20.20544434,20.20544434,-15.9151001,-15.9151001
27,7,video0027_frame0007_R128x128.png,2678,2610,12.45690918,12.16070557,15.89099121,15.26477051,-3.434082031,-3.104064941
27,8,video0027_frame0008_R128x128.png,1530,1403,4.291503906,6.241271973,17.48730469,13.80792236,-13.19580078,-7.566650391
27,9,video0027_frame0009_R128x128.png,1411,1288,4.076171875,6.772705078,18.22930908,20.09625244,-14.15313721,-13.32354736
27,10,video0027_frame0010_R128x128.png,1513,1329,3.68170166,5.125,19.90557861,13.65820313,-16.22387695,-8.533203125
27,11,video0027_frame0011_R128x128.png,1746,1678,7.287536621,8.299682617,15.07806396,18.77178955,-7.790527344,-10.47210693
27,12,video0027_frame0012_R128x128.png,1640,1587,4.119384766,8.924987793,23.98626709,16.49127197,-19.86688232,-7.56628418
28,1,video0028_frame0001_R128x128.png,2188,2188,14.16204834,14.16204834,14.61437988,14.61437988,-0.452331543,-0.452331543
28,2,video0028_frame0002_R128x128.png,668,668,-1.276123047,-1.276123047,15.83795166,15.83795166,-17.11407471,-17.11407471
28,3,video0028_frame0003_R128x128.png,1786,1786,9.295532227,9.295532227,17.66412354,17.66412354,-8.368591309,-8.368591309
28,4,video0028_frame0004_R128x128.png,1760,1760,11.59869385,11.59869385,18.29052734,18.29052734,-6.691833496,-6.691833496
28,5,video0028_frame0005_R128x128.png,1036,1036,4.271728516,4.271728516,16.18811035,16.18811035,-11.91638184,-11.91638184
28,6,video0028_frame0006_R128x128.png,1331,1331,4.018554688,4.018554688,14.96051025,14.96051025,-10.94195557,-10.94195557
28,7,video0028_frame0007_R128x128.png,2744,2329,15.66699219,12.51824951,15.4140625,17.57775879,0.252929688,-5.059509277
28,8,video0028_frame0008_R128x128.png,1491,1261,4.381469727,3.294250488,19.05664063,18.64776611,-14.6751709,-15.35351563
28,9,video0028_frame0009_R128x128.png,1311,1086,3.414978027,-1.980651855,18.81787109,20.74517822,-15.40289307,-22.72583008
28,10,video0028_frame0010_R128x128.png,2015,1880,7.311523438,8.867797852,15.03399658,15.22570801,-7.722473145,-6.357910156
28,11,video0028_frame0011_R128x128.png,2022,1829,6.34362793,10.51141357,16.72937012,14.5279541,-10.38574219,-4.016540527
28,12,video0028_frame0012_R128x128.png,1182,1023,1.294921875,4.427978516,16.84423828,13.84967041,-15.54931641,-9.421691895
29,1,video0029_frame0001_R128x128.png,2662,2662,12.40826416,12.40826416,14.58441162,14.58441162,-2.176147461,-2.176147461
29,2,video0029_frame0002_R128x128.png,1444,1444,5.968200684,5.968200684,15.52276611,15.52276611,-9.55456543,-9.55456543
29,3,video0029_frame0003_R128x128.png,1365,1365,7.190368652,7.190368652,13.69787598,13.69787598,-6.507507324,-6.507507324
29,4,video0029_frame0004_R128x128.png,1378,1378,4.893127441,4.893127441,14.5803833,14.5803833,-9.687255859,-9.687255859
29,5,video0029_frame0005_R128x128.png,1728,1728,8.774536133,8.774536133,14.99017334,14.99017334,-6.215637207,-6.215637207
29,6,video0029_frame0006_R128x128.png,1636,1636,9.320922852,9.320922852,12.16448975,12.16448975,-2.843566895,-2.843566895
29,7,video0029_frame0007_R128x128.png,2619,2318,13.42468262,13.86029053,13.82592773,17.1151123,-0.401245117,-3.254821777
29,8,video0029_frame0008_R128x128.png,882,710,-0.423400879,-1.231445313,15.13983154,14.81738281,-15.56323242,-16.04882813
29,9,video0029_frame0009_R128x128.png,1781,1795,9.826843262,9.239501953,20.57672119,16.44250488,-10.74987793,-7.20300293
29,10,video0029_frame0010_R128x128.png,2008,1773,10.52764893,11.28808594,14.52435303,15.74493408,-3.996704102,-4.456848145
29,11,video0029_frame0011_R128x128.png,1127,1090,2.776794434,3.899169922,18.03155518,15.8092041,-15.25476074,-11.91003418
29,12,video0029_frame0012_R128x128.png,1369,1355,2.804199219,4.562438965,16.77294922,20.09759521,-13.96875,-15.53515625
30,1,video0030_frame0001_R128x128.png,2456,2456,14.44573975,14.44573975,17.12011719,17.12011719,-2.674377441,-2.674377441
30,2,video0030_frame0002_R128x128.png,1290,1290,3.896057129,3.896057129,19.83081055,19.83081055,-15.93475342,-15.93475342
30,3,video0030_frame0003_R128x128.png,1216,1216,-0.486206055,-0.486206055,20.46679688,20.46679688,-20.95300293,-20.95300293
30,4,video0030_frame0004_R128x128.png,1931,1931,9.875915527,9.875915527,19.16943359,19.16943359,-9.293518066,-9.293518066
30,5,video0030_frame0005_R128x128.png,1958,1958,12.0592041,12.0592041,16.44946289,16.44946289,-4.390258789,-4.390258789
30,6,video0030_frame0006_R128x128.png,1062,1062,4.709533691,4.709533691,20.09844971,20.09844971,-15.38891602,-15.38891602
30,7,video0030_frame0007_R128x128.png,2765,2828,12.87261963,13.17980957,17.04919434,19.94763184,-4.176574707,-6.767822266
30,8,video0030_frame0008_R128x128.png,1551,1533,4.710327148,7.554992676,16.41046143,13.29754639,-11.70013428,-5.742553711
30,9,video0030_frame0009_R128x128.png,1450,1429,4.339050293,8.343261719,18.54693604,14.59014893,-14.20788574,-6.246887207
30,10,video0030_frame0010_R128x128.png,1578,1463,4.186462402,6.17199707,19.25793457,13.73510742,-15.07147217,-7.563110352
30,11,video0030_frame0011_R128x128.png,1784,1804,7.666015625,10.20336914,15.49847412,14.74719238,-7.832458496,-4.543823242
30,12,video0030_frame0012_R128x128.png,1710,1745,4.657287598,9.818115234,22.67041016,17.83166504,-18.01312256,-8.013549805
31,1,video0031_frame0001_R128x128.png,2413,2413,15.66912842,15.66912842,17.31616211,17.31616211,-1.647033691,-1.647033691
31,2,video0031_frame0002_R128x128.png,736,736,-0.163269043,-0.163269043,16.58062744,16.58062744,-16.74389648,-16.74389648
31,3,video0031_frame0003_R128x128.png,1867,1867,10.03320313,10.03320313,20.87286377,20.87286377,-10.83966064,-10.83966064
31,4,video0031_frame0004_R128x128.png,1856,1856,12.4911499,12.4911499,18.4006958,18.4006958,-5.909545898,-5.909545898
31,5,video0031_frame0005_R128x128.png,1081,1081,5.043518066,5.043518066,17.34307861,17.34307861,-12.29956055,-12.29956055
31,6,video0031_frame0006_R128x128.png,1660,1660,6.985717773,6.985717773,19.36767578,19.36767578,-12.38195801,-12.38195801
31,7,video0031_frame0007_R128x128.png,2928,2970,17.44903564,18.02844238,15.45825195,16.55487061,1.990783691,1.473571777
31,8,video0031_frame0008_R128x128.png,1597,1537,5.059570313,6.231933594,20.43469238,19.00653076,-15.37512207,-12.77459717
31,9,video0031_frame0009_R128x128.png,1400,1485,4.635192871,2.123962402,17.40844727,19.97375488,-12.77325439,-17.84979248
31,10,video0031_frame0010_R128x128.png,2090,2176,7.853027344,11.7869873,16.17810059,18.77520752,-8.325073242,-6.988220215
31,11,video0031_frame0011_R128x128.png,2181,2290,7.589416504,13.89324951,16.43048096,18.19836426,-8.841064453,-4.305114746
31,12,video0031_frame0012_R128x128.png,1204,1241,1.985900879,6.616149902,17.90515137,17.80249023,-15.91925049,-11.18634033
32,1,video0032_frame0001_R128x128.png,3300,3300,17.48370361,17.48370361,16.98883057,16.98883057,0.494873047,0.494873047
32,2,video0032_frame0002_R128x128.png,1788,1788,9.665466309,9.665466309,14.45770264,14.45770264,-4.792236328,-4.792236328
32,3,video0032_frame0003_R128x128.png,1717,1717,10.43273926,10.43273926,16.38482666,16.38482666,-5.952087402,-5.952087402
32,4,video0032_frame0004_R128x128.png,1749,1749,8.76763916,8.76763916,13.37518311,13.37518311,-4.607543945,-4.607543945
32,5,video0032_frame0005_R128x128.png,2150,2150,12.75170898,12.75170898,14.52526855,14.52526855,-1.77355957,-1.77355957
32,6,video0032_frame0006_R128x128.png,2025,2025,12.8894043,12.8894043,13.33898926,13.33898926,-0.449584961,-0.449584961
32,7,video0032_frame0007_R128x128.png,3131,2948,16.29840088,19.9765625,14.75817871,16.4720459,1.540222168,3.504516602
32,8,video0032_frame0008_R128x128.png,1069,911,1.304382324,1.539001465,15.97015381,15.3380127,-14.66577148,-13.79901123
32,9,video0032_frame0009_R128x128.png,2235,2251,13.78582764,13.18273926,18.04846191,20.24224854,-4.262634277,-7.059509277
32,10,video0032_frame0010_R128x128.png,2219,2116,11.78924561,14.94085693,16.70159912,17.93640137,-4.912353516,-2.995544434
32,11,video0032_frame0011_R128x128.png,1263,1298,4.102600098,6.68347168,21.14434814,20.21606445,-17.04174805,-13.53259277
32,12,video0032_frame0012_R128x128.png,1831,2026,5.82434082,9.504638672,15.90319824,18.90753174,-10.07885742,-9.402893066
33,1,video0033_frame0001_R128x128.png,3544,3544,22.53930664,22.53930664,15.62329102,15.62329102,6.916015625,6.916015625
33,2,video0033_frame0002_R128x128.png,1831,1831,8.70690918,8.70690918,18.64971924,18.64971924,-9.942810059,-9.942810059
33,3,video0033_frame0003_R128x128.png,1831,1831,4.111206055,4.111206055,20.89416504,20.89416504,-16.78295898,-16.78295898
33,4,video0033_frame0004_R128x128.png,2641,2641,15.44696045,15.44696045,17.75262451,17.75262451,-2.305664063,-2.305664063
33,5,video0033_frame0005_R128x128.png,2731,2731,17.6965332,17.6965332,17.41845703,17.41845703,0.278076172,0.278076172
33,6,video0033_frame0006_R128x128.png,1476,1476,8.709716797,8.709716797,18.20007324,18.20007324,-9.490356445,-9.490356445
33,7,video0033_frame0007_R128x128.png,3907,3982,20.88848877,22.35717773,14.40979004,15.25482178,6.47869873,7.102355957
33,8,video0033_frame0008_R128x128.png,2101,2097,8.736755371,11.22253418,17.13299561,17.18890381,-8.396240234,-5.966369629
33,9,video0033_frame0009_R128x128.png,1976,2011,7.866760254,12.84796143,17.29907227,14.36956787,-9.432312012,-1.521606445
33,10,video0033_frame0010_R128x128.png,2158,2075,8.6171875,11.72955322,17.35900879,12.67388916,-8.741821289,-0.944335938
33,11,video0033_frame0011_R128x128.png,2607,2619,12.88641357,16.42718506,15.35247803,14.28991699,-2.466064453,2.137268066
33,12,video0033_frame0012_R128x128.png,2335,2303,8.58190918,14.8270874,19.27679443,16.90515137,-10.69488525,-2.078063965
34,1,video0034_frame0001_R128x128.png,3553,3553,24.00640869,24.00640869,15.65466309,15.65466309,8.351745605,8.351745605
34,2,video0034_frame0002_R128x128.png,1054,1054,3.513671875,3.513671875,15.24035645,15.24035645,-11.72668457,-11.72668457
34,3,video0034_frame0003_R128x128.png,2659,2659,16.77154541,16.77154541,19.57476807,19.57476807,-2.803222656,-2.803222656
34,4,video0034_frame0004_R128x128.png,2518,2518,18.33850098,18.33850098,17.00256348,17.00256348,1.3359375,1.3359375
34,5,video0034_frame0005_R128x128.png,1612,1612,9.515441895,9.515441895,17.93237305,17.93237305,-8.416931152,-8.416931152
34,6,video0034_frame0006_R128x128.png,2556,2556,13.09533691,13.09533691,18.19104004,18.19104004,-5.095703125,-5.095703125
34,7,video0034_frame0007_R128x128.png,2199,2174,12.35894775,11.37091064,15.53009033,18.28869629,-3.171142578,-6.917785645
34,8,video0034_frame0008_R128x128.png,2145,2215,9.488525391,6.948486328,14.8536377,20.37939453,-5.365112305,-13.4309082
34,9,video0034_frame0009_R128x128.png,3105,3195,14.6171875,18.96911621,15.22723389,17.17071533,-0.610046387,1.798400879
34,10,video0034_frame0010_R128x128.png,3141,3293,14.71105957,22.34344482,13.97979736,14.02325439,0.731262207,8.32019043
34,11,video0034_frame0011_R128x128.png,1785,1739,6.513122559,10.38598633,17.26928711,18.55725098,-10.75616455,-8.171264648
34,12,video0034_frame0012_R128x128.png,4311,4617,19.93206787,27.2980957,17.69476318,12.60516357,2.237304688,14.69293213
35,1,video0035_frame0001_R128x128.png,2497,2497,14.46557617,14.46557617,15.50830078,15.50830078,-1.042724609,-1.042724609
35,2,video0035_frame0002_R128x128.png,2326,2326,14.21166992,14.21166992,18.30523682,18.30523682,-4.093566895,-4.093566895
35,3,video0035_frame0003_R128x128.png,3023,3023,18.60400391,18.60400391,17.02825928,17.02825928,1.575744629,1.575744629
35,4,video0035_frame0004_R128x128.png,2594,2594,17.61022949,17.61022949,12.78442383,12.78442383,4.825805664,4.825805664
35,5,video0035_frame0005_R128x128.png,4050,4050,28.82330322,28.82330322,12.86749268,12.86749268,15.95581055,15.95581055
35,6,video0035_frame0006_R128x128.png,1218,1218,5.110107422,5.110107422,14.65936279,14.65936279,-9.549255371,-9.549255371
35,7,video0035_frame0007_R128x128.png,3087,3160,19.52319336,20.94390869,14.40148926,18.79284668,5.121704102,2.151062012
35,8,video0035_frame0008_R128x128.png,2937,2993,16.38317871,22.62408447,14.89294434,16.29083252,1.490234375,6.333251953
35,9,video0035_frame0009_R128x128.png,1743,1861,8.496398926,12.80133057,18.01086426,14.60101318,-9.514465332,-1.799682617
35,10,video0035_frame0010_R128x128.png,2789,2929,14.37072754,15.79815674,12.24627686,17.71850586,2.124450684,-1.920349121
35,11,video0035_frame0011_R128x128.png,2614,2482,12.58233643,13.86920166,15.43450928,17.83691406,-2.852172852,-3.967712402
35,12,video0035_frame0012_R128x128.png,2454,2500,10.79602051,9.29699707,19.90228271,19.81817627,-9.106262207,-10.5211792
36,1,video0036_frame0001_R128x128.png,3624,3624,21.45800781,21.45800781,16.30279541,16.30279541,5.155212402,5.155212402
36,2,video0036_frame0002_R128x128.png,3723,3723,24.24066162,24.24066162,16.23138428,16.23138428,8.009277344,8.009277344
36,3,video0036_frame0003_R128x128.png,2124,2124,13.87786865,13.87786865,14.7220459,14.7220459,-0.844177246,-0.844177246
36,4,video0036_frame0004_R128x128.png,5096,5096,31.20281982,31.20281982,11.96044922,11.96044922,19.24237061,19.24237061
36,5,video0036_frame0005_R128x128.png,2803,2803,17.36346436,17.36346436,13.27203369,13.27203369,4.091430664,4.091430664
36,6,video0036_frame0006_R128x128.png,2644,2644,16.75408936,16.75408936,17.91174316,17.91174316,-1.157653809,-1.157653809
36,7,video0036_frame0007_R128x128.png,3356,3353,18.69476318,20.74493408,14.8895874,15.57611084,3.805175781,5.168823242
36,8,video0036_frame0008_R128x128.png,3014,2880,15.29412842,18.60430908,15.08447266,16.13519287,0.209655762,2.469116211
36,9,video0036_frame0009_R128x128.png,4327,4589,23.38110352,31.95782471,13.62408447,14.52832031,9.757019043,17.42950439
36,10,video0036_frame0010_R128x128.png,1457,1441,6.715454102,7.52142334,16.8572998,13.9644165,-10.1418457,-6.442993164
36,11,video0036_frame0011_R128x128.png,3553,3799,20.56335449,25.65246582,15.2989502,17.71881104,5.264404297,7.933654785
36,12,video0036_frame0012_R128x128.png,3335,3380,17.159729,25.6907959,18.36425781,15.71844482,-1.204528809,9.972351074
37,1,video0037_frame0001_R128x128.png,2181,2181,14.90814209,14.90814209,16.98168945,16.98168945,-2.073547363,-2.073547363
37,2,video0037_frame0002_R128x128.png,3199,3199,17.08929443,17.08929443,17.51586914,17.51586914,-0.426574707,-0.426574707
37,3,video0037_frame0003_R128x128.png,2672,2672,14.80401611,14.80401611,17.41680908,17.41680908,-2.612792969,-2.612792969
37,4,video0037_frame0004_R128x128.png,2692,2692,10.39312744,10.39312744,16.42608643,16.42608643,-6.032958984,-6.032958984
37,5,video0037_frame0005_R128x128.png,3824,3824,22.49578857,22.49578857,16.31640625,16.31640625,6.179382324,6.179382324
37,6,video0037_frame0006_R128x128.png,3951,3951,26.07788086,26.07788086,13.65887451,13.65887451,12.41900635,12.41900635
37,7,video0037_frame0007_R128x128.png,2350,2257,11.20092773,14.0491333,18.82366943,14.78326416,-7.622741699,-0.734130859
37,8,video0037_frame0008_R128x128.png,5258,5328,30.14422607,29.92449951,14.44525146,14.22332764,15.69897461,15.70117188
37,9,video0037_frame0009_R128x128.png,2858,2980,14.27844238,17.70013428,16.2755127,12.98138428,-1.997070313,4.71875
37,10,video0037_frame0010_R128x128.png,2791,2757,14.19073486,17.23803711,15.84588623,16.21533203,-1.655151367,1.022705078
37,11,video0037_frame0011_R128x128.png,3438,3592,18.6262207,21.99102783,14.66864014,16.01855469,3.957580566,5.972473145
37,12,video0037_frame0012_R128x128.png,2882,3025,12.27752686,18.64593506,17.08343506,16.19744873,-4.805908203,2.448486328
38,1,video0038_frame0001_R128x128.png,4844,4844,32.07684326,32.07684326,14.1864624,14.1864624,17.89038086,17.89038086
38,2,video0038_frame0002_R128x128.png,1643,1643,8.440734863,8.440734863,13.62786865,13.62786865,-5.187133789,-5.187133789
38,3,video0038_frame0003_R128x128.png,4058,4058,27.10064697,27.10064697,17.11877441,17.11877441,9.981872559,9.981872559
38,4,video0038_frame0004_R128x128.png,3529,3529,25.30957031,25.30957031,15.60552979,15.60552979,9.704040527,9.704040527
38,5,video0038_frame0005_R128x128.png,2337,2337,16.43939209,16.43939209,14.42913818,14.42913818,2.010253906,2.010253906
38,6,video0038_frame0006_R128x128.png,3460,3460,19.65844727,19.65844727,16.70800781,16.70800781,2.950439453,2.950439453
38,7,video0038_frame0007_R128x128.png,3271,3076,19.66143799,17.68225098,15.21136475,16.50921631,4.450073242,1.173034668
38,8,video0038_frame0008_R128x128.png,3090,3030,15.60894775,12.85919189,13.8782959,19.04150391,1.730651855,-6.182312012
38,9,video0038_frame0009_R128x128.png,4133,4194,22.45678711,26.89093018,13.47918701,14.15246582,8.977600098,12.73846436
38,10,video0038_frame0010_R128x128.png,4202,4247,22.5760498,28.74981689,13.87457275,15.23022461,8.701477051,13.51959229
38,11,video0038_frame0011_R128x128.png,2748,2560,13.04882813,16.59655762,14.53808594,17.13684082,-1.489257813,-0.540283203
38,12,video0038_frame0012_R128x128.png,5652,5935,30.5569458,36.93969727,13.74475098,12.06005859,16.81219482,24.87963867
39,1,video0039_frame0001_R128x128.png,3266,3266,19.34857178,19.34857178,16.51324463,16.51324463,2.835327148,2.835327148
39,2,video0039_frame0002_R128x128.png,3122,3122,19.88806152,19.88806152,16.87567139,16.87567139,3.012390137,3.012390137
39,3,video0039_frame0003_R128x128.png,4036,4036,25.8449707,25.8449707,15.49725342,15.49725342,10.34771729,10.34771729
39,4,video0039_frame0004_R128x128.png,3384,3384,22.44586182,22.44586182,15.30688477,15.30688477,7.138977051,7.138977051
39,5,video0039_frame0005_R128x128.png,5304,5304,37.45306396,37.45306396,13.16027832,13.16027832,24.29278564,24.29278564
39,6,video0039_frame0006_R128x128.png,4442,4442,31.49768066,31.49768066,16.28509521,16.28509521,15.21258545,15.21258545
39,7,video0039_frame0007_R128x128.png,3897,3915,24.21209717,30.08746338,15.44586182,15.06237793,8.766235352,15.02508545
39,8,video0039_frame0008_R128x128.png,2422,2658,14.11749268,18.16851807,14.16693115,17.90002441,-0.049438477,0.268493652
39,9,video0039_frame0009_R128x128.png,3087,3599,16.91168213,19.92376709,13.90515137,16.4699707,3.006530762,3.453796387
39,10,video0039_frame0010_R128x128.png,3330,3221,18.01959229,17.95489502,16.74737549,16.3515625,1.272216797,1.60333252
39,11,video0039_frame0011_R128x128.png,3185,3195,18.11450195,13.41650391,16.64141846,18.24005127,1.473083496,-4.823547363
39,12,video0039_frame0012_R128x128.png,4154,4312,21.51464844,26.8013916,15.15222168,15.21643066,6.362426758,11.58496094
40,1,video0040_frame0001_R128x128.png,4449,4449,29.44818115,29.44818115,14.10131836,14.10131836,15.34686279,15.34686279
40,2,video0040_frame0002_R128x128.png,2721,2721,17.659729,17.659729,13.45178223,13.45178223,4.207946777,4.207946777
40,3,video0040_frame0003_R128x128.png,6255,6255,37.37963867,37.37963867,11.20275879,11.20275879,26.17687988,26.17687988
40,4,video0040_frame0004_R128x128.png,3441,3441,21.23480225,21.23480225,12.4732666,12.4732666,8.761535645,8.761535645
40,5,video0040_frame0005_R128x128.png,3224,3224,22.06323242,22.06323242,12.63250732,12.63250732,9.430725098,9.430725098
40,6,video0040_frame0006_R128x128.png,4154,4154,25.81707764,25.81707764,14.43054199,14.43054199,11.38653564,11.38653564
40,7,video0040_frame0007_R128x128.png,3543,3543,18.13128662,22.48376465,17.27563477,15.06506348,0.855651855,7.418701172
40,8,video0040_frame0008_R128x128.png,5235,5538,28.75048828,39.50952148,12.203125,10.68115234,16.54736328,28.82836914
40,9,video0040_frame0009_R128x128.png,4146,4610,28.34008789,32.527771,13.25402832,15.89447021,15.08605957,16.63330078
40,10,video0040_frame0010_R128x128.png,3949,4053,23.91644287,29.78112793,12.82293701,14.8381958,11.09350586,14.94293213
40,11,video0040_frame0011_R128x128.png,2654,2829,14.09362793,18.95959473,15.67437744,17.42974854,-1.580749512,1.529846191
40,12,video0040_frame0012_R128x128.png,3155,3674,14.47137451,18.7043457,15.18933105,16.72821045,-0.717956543,1.976135254
41,1,video0041_frame0001_R128x128.png,3303,3303,17.62786865,17.62786865,16.7052002,16.7052002,0.922668457,0.922668457
41,2,video0041_frame0002_R128x128.png,3259,3259,13.14764404,13.14764404,15.3583374,15.3583374,-2.210693359,-2.210693359
41,3,video0041_frame0003_R128x128.png,4413,4413,27.22106934,27.22106934,12.46307373,12.46307373,14.75799561,14.75799561
41,4,video0041_frame0004_R128x128.png,4428,4428,28.5725708,28.5725708,12.76538086,12.76538086,15.80718994,15.80718994
41,5,video0041_frame0005_R128x128.png,2838,2838,17.11206055,17.11206055,13.59869385,13.59869385,3.513366699,3.513366699
41,6,video0041_frame0006_R128x128.png,6252,6252,33.90014648,33.90014648,13.48022461,13.48022461,20.41992188,20.41992188
41,7,video0041_frame0007_R128x128.png,3592,3538,18.98626709,20.36877441,15.61383057,12.449646,3.372436523,7.919128418
41,8,video0041_frame0008_R128x128.png,3435,3274,17.13500977,21.42669678,14.89941406,12.32971191,2.235595703,9.096984863
41,9,video0041_frame0009_R128x128.png,4203,4266,23.33752441,26.0848999,14.45056152,12.9128418,8.886962891,13.17205811
41,10,video0041_frame0010_R128x128.png,3777,3606,19.94274902,23.19073486,15.71954346,12.78399658,4.223205566,10.40673828
41,11,video0041_frame0011_R128x128.png,5537,5531,32.08428955,35.43255615,13.87316895,13.4574585,18.21112061,21.97509766
41,12,video0041_frame0012_R128x128.png,3977,4673,23.7880249,29.75036621,13.69769287,16.1652832,10.09033203,13.58508301
42,1,video0042_frame0001_R128x128.png,4048,4048,28.41583252,28.41583252,14.92077637,14.92077637,13.49505615,13.49505615
42,2,video0042_frame0002_R128x128.png,2902,2902,18.51013184,18.51013184,17.45489502,17.45489502,1.055236816,1.055236816
42,3,video0042_frame0003_R128x128.png,3895,3895,20.97583008,20.97583008,16.34295654,16.34295654,4.632873535,4.632873535
42,4,video0042_frame0004_R128x128.png,3450,3450,19.83850098,19.83850098,16.05566406,16.05566406,3.782836914,3.782836914
42,5,video0042_frame0005_R128x128.png,3397,3397,14.69696045,14.69696045,18.52703857,18.52703857,-3.830078125,-3.830078125
42,6,video0042_frame0006_R128x128.png,4672,4672,29.16564941,29.16564941,13.29644775,13.29644775,15.86920166,15.86920166
42,7,video0042_frame0007_R128x128.png,4364,4595,24.74584961,29.69293213,13.42895508,14.90515137,11.31689453,14.78778076
42,8,video0042_frame0008_R128x128.png,3163,2981,17.09490967,19.79199219,14.31958008,13.01287842,2.77532959,6.77911377
42,9,video0042_frame0009_R128x128.png,6134,6517,36.64276123,39.53460693,12.35003662,10.90771484,24.29272461,28.62689209
42,10,video0042_frame0010_R128x128.png,3540,3674,19.8013916,22.33624268,13.0960083,13.60150146,6.705383301,8.734741211
42,11,video0042_frame0011_R128x128.png,3384,3450,18.24169922,21.70959473,15.26092529,16.11663818,2.980773926,5.592956543
42,12,video0042_frame0012_R128x128.png,3925,4423,21.73345947,29.7322998,14.73583984,11.80718994,6.997619629,17.92510986
43,1,video0043_frame0001_R128x128.png,3786,3786,24.73022461,24.73022461,14.91717529,14.91717529,9.813049316,9.813049316
43,2,video0043_frame0002_R128x128.png,5776,5776,38.28222656,38.28222656,12.83258057,12.83258057,25.449646,25.449646
43,3,video0043_frame0003_R128x128.png,4865,4865,34.05096436,34.05096436,15.91638184,15.91638184,18.13458252,18.13458252
43,4,video0043_frame0004_R128x128.png,4235,4235,31.42474365,31.42474365,14.61749268,14.61749268,16.80725098,16.80725098
43,5,video0043_frame0005_R128x128.png,2992,2992,21.50219727,21.50219727,13.76153564,13.76153564,7.740661621,7.740661621
43,6,video0043_frame0006_R128x128.png,4559,4559,25.85076904,25.85076904,15.42913818,15.42913818,10.42163086,10.42163086
43,7,video0043_frame0007_R128x128.png,4053,4051,24.67498779,24.41156006,13.63378906,15.48651123,11.04119873,8.925048828
43,8,video0043_frame0008_R128x128.png,3602,3841,18.38598633,17.90551758,14.91241455,17.56304932,3.473571777,0.342468262
43,9,video0043_frame0009_R128x128.png,5032,5402,28.41625977,33.83135986,12.9196167,14.14373779,15.49664307,19.68762207
43,10,video0043_frame0010_R128x128.png,5070,5390,28.97253418,35.37597656,13.52783203,13.85345459,15.44470215,21.52252197
43,11,video0043_frame0011_R128x128.png,3634,3698,17.90356445,23.43835449,16.87072754,15.37878418,1.032836914,8.059570313
43,12,video0043_frame0012_R128x128.png,6403,7163,36.65155029,39.95080566,13.47637939,13.66485596,23.1751709,26.28594971
44,1,video0044_frame0001_R128x128.png,4191,4191,27.08813477,27.08813477,12.21472168,12.21472168,14.87341309,14.87341309
44,2,video0044_frame0002_R128x128.png,3907,3907,24.91583252,24.91583252,15.66821289,15.66821289,9.247619629,9.247619629
44,3,video0044_frame0003_R128x128.png,5424,5424,35.13848877,35.13848877,13.37884521,13.37884521,21.75964355,21.75964355
44,4,video0044_frame0004_R128x128.png,4423,4423,29.55505371,29.55505371,13.72540283,13.72540283,15.82965088,15.82965088
44,5,video0044_frame0005_R128x128.png,6491,6491,42.9520874,42.9520874,12.05969238,12.05969238,30.89239502,30.89239502
44,6,video0044_frame0006_R128x128.png,2540,2540,16.26385498,16.26385498,14.15100098,14.15100098,2.112854004,2.112854004
44,7,video0044_frame0007_R128x128.png,5129,5527,34.58691406,38.71551514,14.44262695,15.09576416,20.14428711,23.61975098
44,8,video0044_frame0008_R128x128.png,4541,4770,28.43231201,36.17437744,14.45831299,13.80053711,13.97399902,22.37384033
44,9,video0044_frame0009_R128x128.png,3234,3498,18.85223389,24.6920166,16.02972412,16.1963501,2.822509766,8.495666504
44,10,video0044_frame0010_R128x128.png,4233,4928,24.72717285,28.40313721,13.12335205,15.01611328,11.6038208,13.38702393
44,11,video0044_frame0011_R128x128.png,4607,4734,26.16247559,29.18151855,12.51190186,14.52978516,13.65057373,14.6517334
44,12,video0044_frame0012_R128x128.png,3924,4292,22.52160645,21.70928955,17.24694824,16.99462891,5.274658203,4.714660645
45,1,video0045_frame0001_R128x128.png,6150,6150,41.5479126,41.5479126,11.43115234,11.43115234,30.11676025,30.11676025
45,2,video0045_frame0002_R128x128.png,4221,4221,26.91595459,26.91595459,14.68084717,14.68084717,12.23510742,12.23510742
45,3,video0045_frame0003_R128x128.png,8117,8117,48.73571777,48.73571777,10.25494385,10.25494385,38.48077393,38.48077393
45,4,video0045_frame0004_R128x128.png,4851,4851,30.44909668,30.44909668,13.33123779,13.33123779,17.11785889,17.11785889
45,5,video0045_frame0005_R128x128.png,4424,4424,26.67645264,26.67645264,14.53387451,14.53387451,12.14257813,12.14257813
45,6,video0045_frame0006_R128x128.png,5917,5917,39.32220459,39.32220459,12.88671875,12.88671875,26.43548584,26.43548584
45,7,video0045_frame0007_R128x128.png,4906,4856,27.61853027,32.7824707,16.37756348,13.89215088,11.2409668,18.89031982
45,8,video0045_frame0008_R128x128.png,3175,3014,16.59161377,18.82861328,15.28198242,17.92126465,1.309631348,0.907348633
45,9,video0045_frame0009_R128x128.png,5383,5889,37.08007813,42.30682373,12.86303711,14.6237793,24.21704102,27.68304443
45,10,video0045_frame0010_R128x128.png,5202,5322,33.75140381,41.41546631,12.09783936,13.33825684,21.65356445,28.07720947
45,11,video0045_frame0011_R128x128.png,3822,4074,23.74908447,29.19403076,14.87231445,15.66973877,8.87677002,13.52429199
45,12,video0045_frame0012_R128x128.png,4607,5321,24.48846436,31.87115479,13.5925293,14.44543457,10.89593506,17.42572021
46,1,video0046_frame0001_R128x128.png,5440,5440,33.41876221,33.41876221,13.59777832,13.59777832,19.82098389,19.82098389
46,2,video0046_frame0002_R128x128.png,4829,4829,25.08319092,25.08319092,15.99151611,15.99151611,9.091674805,9.091674805
46,3,video0046_frame0003_R128x128.png,7006,7006,45.94128418,45.94128418,12.17419434,12.17419434,33.76708984,33.76708984
46,4,video0046_frame0004_R128x128.png,4827,4827,31.86206055,31.86206055,13.99163818,13.99163818,17.87042236,17.87042236
46,5,video0046_frame0005_R128x128.png,8941,8941,52.85266113,52.85266113,10.01568604,10.01568604,42.8369751,42.8369751
46,6,video0046_frame0006_R128x128.png,5468,5468,35.02758789,35.02758789,13.64202881,13.64202881,21.38555908,21.38555908
46,7,video0046_frame0007_R128x128.png,4969,4894,27.33587646,30.4074707,13.76635742,12.02789307,13.56951904,18.37957764
46,8,video0046_frame0008_R128x128.png,6306,6583,36.59405518,44.17358398,11.79992676,12.01025391,24.79412842,32.16333008
46,9,video0046_frame0009_R128x128.png,5690,5333,34.04400635,36.1081543,13.11779785,13.1416626,20.9262085,22.9664917
46,10,video0046_frame0010_R128x128.png,3660,3531,20.35107422,24.2076416,12.75537109,14.48394775,7.595703125,9.723693848
46,11,video0046_frame0011_R128x128.png,6181,6504,43.12731934,48.14855957,12.29815674,13.62133789,30.8291626,34.52722168
46,12,video0046_frame0012_R128x128.png,5393,5958,31.94567871,45.65185547,11.52081299,12.5098877,20.42486572,33.14196777
47,1,video0047_frame0001_R128x128.png,4695,4695,35.26513672,35.26513672,15.07293701,15.07293701,20.19219971,20.19219971
47,2,video0047_frame0002_R128x128.png,6407,6407,38.81842041,38.81842041,12.81542969,12.81542969,26.00299072,26.00299072
47,3,video0047_frame0003_R128x128.png,6268,6268,40.1897583,40.1897583,12.87329102,12.87329102,27.31646729,27.31646729
47,4,video0047_frame0004_R128x128.png,8162,8162,53.480896,53.480896,10.67462158,10.67462158,42.80627441,42.80627441
47,5,video0047_frame0005_R128x128.png,9655,9655,59.37359619,59.37359619,8.411621094,8.411621094,50.9619751,50.9619751
47,6,video0047_frame0006_R128x128.png,6155,6155,39.94824219,39.94824219,12.49224854,12.49224854,27.45599365,27.45599365
47,7,video0047_frame0007_R128x128.png,5510,5695,31.65252686,35.8616333,11.94525146,13.5838623,19.70727539,22.277771
47,8,video0047_frame0008_R128x128.png,6966,7460,43.94104004,49.86358643,11.11169434,11.01495361,32.8293457,38.84863281
47,9,video0047_frame0009_R128x128.png,6235,6056,38.06842041,41.9654541,12.6383667,12.246521,25.43005371,29.71893311
47,10,video0047_frame0010_R128x128.png,4204,4160,25.80914307,30.28735352,12.87841797,12.80487061,12.9307251,17.48248291
47,11,video0047_frame0011_R128x128.png,6505,7179,47.19470215,53.48651123,10.14929199,12.70983887,37.04541016,40.77667236
47,12,video0047_frame0012_R128x128.png,5912,7119,32.80419922,44.17260742,10.55230713,12.02319336,22.25189209,32.14941406
48,1,video0048_frame0001_R128x128.png,7114,7114,45.97271729,45.97271729,11.78570557,11.78570557,34.18701172,34.18701172
48,2,video0048_frame0002_R128x128.png,9155,9155,60.50189209,60.50189209,9.416931152,9.416931152,51.08496094,51.08496094
48,3,video0048_frame0003_R128x128.png,6102,6102,42.93109131,42.93109131,10.84716797,10.84716797,32.08392334,32.08392334
48,4,video0048_frame0004_R128x128.png,10204,10204,65.07574463,65.07574463,6.91217041,6.91217041,58.16357422,58.16357422
48,5,video0048_frame0005_R128x128.png,6566,6566,44.38134766,44.38134766,13.14862061,13.14862061,31.23272705,31.23272705
48,6,video0048_frame0006_R128x128.png,8252,8252,55.38574219,55.38574219,9.94543457,9.94543457,45.44030762,45.44030762
48,7,video0048_frame0007_R128x128.png,4879,4838,26.94592285,32.85162354,15.49890137,15.19177246,11.44702148,17.65985107
48,8,video0048_frame0008_R128x128.png,7288,8052,50.22253418,59.38555908,10.1539917,11.1373291,40.06854248,48.24822998
48,9,video0048_frame0009_R128x128.png,6799,7563,40.87243652,47.09472656,9.567504883,11.36181641,31.30493164,35.73291016
48,10,video0048_frame0010_R128x128.png,9474,10110,59.88323975,67.16497803,7.169006348,7.674804688,52.7142334,59.49017334
48,11,video0048_frame0011_R128x128.png,8020,7510,46.8548584,52.43078613,9.988098145,11.00372314,36.86676025,41.42706299
48,12,video0048_frame0012_R128x128.png,5786,5648,36.67407227,41.39379883,14.26177979,12.28570557,22.41229248,29.10809326
49,1,video0049_frame0001_R128x128.png,7956,7956,47.62780762,47.62780762,10.66461182,10.66461182,36.9631958,36.9631958
49,2,video0049_frame0002_R128x128.png,10757,10757,68.52282715,68.52282715,6.848937988,6.848937988,61.67388916,61.67388916
49,3,video0049_frame0003_R128x128.png,7978,7978,51.20074463,51.20074463,11.390625,11.390625,39.81011963,39.81011963
49,4,video0049_frame0004_R128x128.png,5985,5985,41.78857422,41.78857422,11.22241211,11.22241211,30.56616211,30.56616211
49,5,video0049_frame0005_R128x128.png,8333,8333,52.61297607,52.61297607,9.899902344,9.899902344,42.71307373,42.71307373
49,6,video0049_frame0006_R128x128.png,11330,11330,75.11682129,75.11682129,6.053894043,6.053894043,69.06292725,69.06292725
49,7,video0049_frame0007_R128x128.png,8127,8173,48.47906494,55.26330566,9.536193848,11.10345459,38.94287109,44.15985107
49,8,video0049_frame0008_R128x128.png,6885,6268,41.39196777,43.14996338,11.8213501,13.61798096,29.57061768,29.53198242
49,9,video0049_frame0009_R128x128.png,7594,8893,49.8838501,61.22497559,8.009216309,9.912719727,41.87463379,51.31225586
49,10,video0049_frame0010_R128x128.png,8718,9028,54.26928711,59.41394043,6.33984375,9.081481934,47.92944336,50.3324585
49,11,video0049_frame0011_R128x128.png,11531,11901,66.95916748,77.72363281,4.304992676,5.170288086,62.6541748,72.55334473
49,12,video0049_frame0012_R128x128.png,11563,12532,67.95690918,78.46386719,4.826477051,4.420349121,63.13043213,74.04351807
50,1,video0050_frame0001_R128x128.png,8998,8998,47.37542725,47.37542725,7.941772461,7.941772461,39.43365479,39.43365479
50,2,video0050_frame0002_R128x128.png,7054,7054,45.83605957,45.83605957,12.69293213,12.69293213,33.14312744,33.14312744
50,3,video0050_frame0003_R128x128.png,7949,7949,60.28631592,60.28631592,10.86529541,10.86529541,49.42102051,49.42102051
50,4,video0050_frame0004_R128x128.png,9750,9750,70.55932617,70.55932617,9.405212402,9.405212402,61.15411377,61.15411377
50,5,video0050_frame0005_R128x128.png,9350,9350,60.99499512,60.99499512,8.484191895,8.484191895,52.51080322,52.51080322
50,6,video0050_frame0006_R128x128.png,12389,12389,80.82897949,80.82897949,4.661010742,4.661010742,76.16796875,76.16796875
50,7,video0050_frame0007_R128x128.png,10955,12899,63.23480225,82.50695801,5.091796875,3.151916504,58.14300537,79.3550415
50,8,video0050_frame0008_R128x128.png,9469,9463,57.62207031,56.67376709,8.7734375,8.667358398,48.84863281,48.00640869
50,9,video0050_frame0009_R128x128.png,7628,7603,47.78533936,50.32855225,9.230285645,12.11450195,38.55505371,38.21405029
50,10,video0050_frame0010_R128x128.png,8323,8746,54.28259277,65.4520874,7.18170166,9.811828613,47.10089111,55.64025879
50,11,video0050_frame0011_R128x128.png,9462,10147,65.95452881,75.35418701,6.630981445,8.941589355,59.32354736,66.41259766
50,12,video0050_frame0012_R128x128.png,12446,12763,64.24139404,83.63873291,3.490844727,3.90637207,60.75054932,79.73236084
51,1,video0051_frame0001_R128x128.png,13259,13259,90.05474854,90.05474854,2.674438477,2.674438477,87.38031006,87.38031006
51,2,video0051_frame0002_R128x128.png,8715,8715,58.02355957,58.02355957,10.67126465,10.67126465,47.35229492,47.35229492
51,3,video0051_frame0003_R128x128.png,9682,9682,73.27471924,73.27471924,8.582397461,8.582397461,64.69232178,64.69232178
51,4,video0051_frame0004_R128x128.png,10668,10668,76.93499756,76.93499756,8.095092773,8.095092773,68.83990479,68.83990479
51,5,video0051_frame0005_R128x128.png,13382,13382,89.0647583,89.0647583,2.864379883,2.864379883,86.20037842,86.20037842
51,6,video0051_frame0006_R128x128.png,9933,9933,67.48571777,67.48571777,8.934448242,8.934448242,58.55126953,58.55126953
51,7,video0051_frame0007_R128x128.png,9454,10607,59.93060303,83.42321777,6.377929688,7.394348145,53.55267334,76.02886963
51,8,video0051_frame0008_R128x128.png,9481,11145,66.28924561,78.78009033,6.688720703,6.933105469,59.6005249,71.84698486
51,9,video0051_frame0009_R128x128.png,9593,11253,55.84820557,76.09729004,5.18951416,4.830200195,50.65869141,71.26708984
51,10,video0051_frame0010_R128x128.png,13533,13781,84.07293701,93.41015625,2.326965332,2.753479004,81.74597168,90.65667725
51,11,video0051_frame0011_R128x128.png,13196,13742,80.21166992,90.32897949,1.940124512,2.852416992,78.27154541,87.4765625
51,12,video0051_frame0012_R128x128.png,13051,12643,74.85003662,85.7791748,2.245910645,3.786987305,72.60412598,81.9921875
