"name","area","max exg","mean exg","min exg","max exr","mean exr","min exr","max exgr","mean exgr","min exgr","Gen","Frame"
"video0001_frame0001_R128x128.png","1","25","1.8920288085938","-73","110","13.534545898438","0","25","-11.642517089844","-119","1","1"
"video0001_frame0002_R128x128.png","0","","-8.9223022460938","-39","108","17.170715332031","0","19","-26.093017578125","-120","1","2"
"video0001_frame0003_R128x128.png","69","41","-1.7759399414062","-43","110","19.408996582031","0","41","-21.184936523438","-126","1","3"
"video0001_frame0004_R128x128.png","391","73","-4.3555297851562","-46","106","17.650634765625","0","73","-22.006164550781","-117","1","4"
"video0001_frame0005_R128x128.png","978","73","6.7617797851562","-27","110","18.25341796875","0","73","-11.491638183594","-118","1","5"
"video0001_frame0006_R128x128.png","3373","69","15.325134277344","-31","106","17.659973144531","0","69","-2.3348388671875","-118","1","6"
"video0001_frame0007_R128x128.png","5077","76","18.278930664062","-26","116","14.615478515625","0","76","3.6634521484375","-127","1","7"
"video0001_frame0008_R128x128.png","8392","72","25.875305175781","-24","108","9.2677001953125","0","72","16.607604980469","-109","1","8"
"video0002_frame0001_R128x128.png","10565","80","32.942077636719","-31","99","5.315673828125","0","80","27.626403808594","-119","2","9"
"video0002_frame0002_R128x128.png","12582","94","43.273193359375","-24","89","3.3182373046875","0","94","39.954956054688","-93","2","10"
"video0002_frame0003_R128x128.png","11765","100","43.032897949219","-69","143","8.9969482421875","0","100","34.035949707031","-180","2","11"
"video0002_frame0004_R128x128.png","11914","110","50.865234375","-20","95","3.7949829101562","0","110","47.070251464844","-96","2","12"
"video0002_frame0005_R128x128.png","12323","109","47.9375","-22","100","4.1361694335938","0","109","43.801330566406","-122","2","13"
"video0002_frame0006_R128x128.png","13347","85","44.347045898438","-32","96","4.1106567382812","0","85","40.236389160156","-112","2","14"
"video0002_frame0007_R128x128.png","13621","112","48.366455078125","-17","107","5.9700927734375","0","112","42.396362304688","-106","2","15"
"video0002_frame0008_R128x128.png","12628","85","38.668212890625","-44","94","4.6863403320312","0","85","33.981872558594","-137","2","16"
"video0003_frame0001_R128x128.png","0","19","-0.77935791015625","-82","114","13.085571289062","0","12","-13.864929199219","-129","3","1"
"video0003_frame0002_R128x128.png","0","28","-8.898193359375","-53","113","17.079406738281","0","15","-25.977600097656","-117","3","2"
"video0003_frame0003_R128x128.png","24","38","-1.3736572265625","-25","109","20.580810546875","0","38","-21.954467773438","-119","3","3"
"video0003_frame0004_R128x128.png","308","60","-2.2599487304688","-40","113","19.382995605469","0","60","-21.642944335938","-146","3","4"
"video0003_frame0005_R128x128.png","959","72","6.985107421875","-28","108","20.272216796875","0","72","-13.287109375","-123","3","5"
"video0003_frame0006_R128x128.png","2720","69","12.922424316406","-31","107","18.767822265625","0","69","-5.8453979492188","-118","3","6"
"video0003_frame0007_R128x128.png","4240","78","16.711730957031","-27","110","14.726257324219","0","78","1.9854736328125","-123","3","7"
"video0003_frame0008_R128x128.png","7567","72","23.809204101562","-24","119","11.707580566406","0","72","12.101623535156","-133","3","8"
"video0004_frame0001_R128x128.png","8755","82","28.305358886719","-32","102","5.9638671875","0","82","22.341491699219","-130","4","9"
"video0004_frame0002_R128x128.png","11015","99","41.669189453125","-16","103","5.38818359375","0","99","36.281005859375","-105","4","10"
"video0004_frame0003_R128x128.png","8326","81","22.960510253906","-57","144","8.9342651367188","0","81","14.026245117188","-192","4","11"
"video0004_frame0004_R128x128.png","12400","110","50.14990234375","-37","98","5.3255615234375","0","110","44.824340820312","-112","4","12"
"video0004_frame0005_R128x128.png","12728","89","46.823059082031","-39","95","5.3958740234375","0","89","41.427185058594","-118","4","13"
"video0004_frame0006_R128x128.png","13298","94","43.031860351562","-42","94","3.4896240234375","0","94","39.542236328125","-98","4","14"
"video0004_frame0007_R128x128.png","13577","106","52.578247070312","-40","109","4.8569946289062","0","106","47.721252441406","-120","4","15"
"video0004_frame0008_R128x128.png","13768","99","50.404724121094","-35","119","3.1952514648438","0","99","47.20947265625","-138","4","16"
"video0005_frame0001_R128x128.png","0","24","-1.646240234375","-108","113","13.308349609375","0","24","-14.95458984375","-144","5","1"
"video0005_frame0002_R128x128.png","4","29","-10.635437011719","-29","116","16.588439941406","0","29","-27.223876953125","-134","5","2"
"video0005_frame0003_R128x128.png","84","42","-1.966796875","-33","111","20.601135253906","0","42","-22.567932128906","-125","5","3"
"video0005_frame0004_R128x128.png","324","61","-8.2560424804688","-36","117","16.431091308594","0","61","-24.687133789062","-130","5","4"
"video0005_frame0005_R128x128.png","1049","79","5.0355224609375","-31","106","18.579284667969","0","79","-13.543762207031","-123","5","5"
"video0005_frame0006_R128x128.png","3499","72","11.007446289062","-29","101","16.541381835938","0","72","-5.533935546875","-119","5","6"
"video0005_frame0007_R128x128.png","5603","68","18.789672851562","-28","115","13.347290039062","0","68","5.4423828125","-128","5","7"
"video0005_frame0008_R128x128.png","8676","67","24.995483398438","-21","111","8.8779907226562","0","67","16.117492675781","-126","5","8"
"video0006_frame0001_R128x128.png","11062","77","32.618286132812","-29","91","5.0740966796875","0","77","27.544189453125","-116","6","9"
"video0006_frame0002_R128x128.png","12418","84","44.060485839844","-21","96","6.9403686523438","0","84","37.1201171875","-113","6","10"
"video0006_frame0003_R128x128.png","14450","102","54.7548828125","-33","88","2.31884765625","0","102","52.43603515625","-94","6","11"
"video0006_frame0004_R128x128.png","14035","93","54.156860351562","-32","84","1.7393188476562","0","93","52.417541503906","-96","6","12"
"video0006_frame0005_R128x128.png","14007","92","46.850463867188","-23","107","4.044921875","0","92","42.805541992188","-125","6","13"
"video0006_frame0006_R128x128.png","14086","76","41.075317382812","-26","112","3.2943115234375","0","76","37.781005859375","-112","6","14"
"video0006_frame0007_R128x128.png","13777","110","57.016052246094","-24","122","4.4628295898438","0","110","52.55322265625","-122","6","15"
"video0006_frame0008_R128x128.png","12882","80","37.5888671875","-22","99","3.6909790039062","0","80","33.897888183594","-107","6","16"
"video0007_frame0001_R128x128.png","0","18","-0.2186279296875","-79","107","12.92431640625","0","12","-13.142944335938","-117","7","1"
"video0007_frame0002_R128x128.png","0","34","-10.978576660156","-78","108","18.337585449219","0","19","-29.316162109375","-130","7","2"
"video0007_frame0003_R128x128.png","31","39","-2.6900634765625","-80","107","20.796203613281","0","39","-23.486267089844","-127","7","3"
"video0007_frame0004_R128x128.png","303","63","-8.4505615234375","-66","110","17.404174804688","0","63","-25.854736328125","-142","7","4"
"video0007_frame0005_R128x128.png","1097","68","6.4862060546875","-28","116","18.763793945312","0","68","-12.277587890625","-130","7","5"
"video0007_frame0006_R128x128.png","3079","71","10.863891601562","-28","103","17.860900878906","0","71","-6.9970092773438","-120","7","6"
"video0007_frame0007_R128x128.png","5545","73","19.373046875","-25","117","14.14892578125","0","73","5.22412109375","-130","7","7"
"video0007_frame0008_R128x128.png","8716","69","25.985717773438","-23","111","9.08447265625","0","69","16.901245117188","-120","7","8"
"video0008_frame0001_R128x128.png","11408","79","35.72802734375","-36","86","5.4139404296875","0","79","30.314086914062","-111","8","9"
"video0008_frame0002_R128x128.png","13045","91","45.491760253906","-22","103","4.2826538085938","0","91","41.209106445312","-105","8","10"
"video0008_frame0003_R128x128.png","13559","114","63.022277832031","-41","123","2.5206298828125","0","114","60.501647949219","-151","8","11"
"video0008_frame0004_R128x128.png","13579","93","52.362121582031","-31","82","3.1785888671875","0","93","49.183532714844","-99","8","12"
"video0008_frame0005_R128x128.png","13754","116","59.763793945312","-23","111","4.4699096679688","0","116","55.293884277344","-124","8","13"
"video0008_frame0006_R128x128.png","14533","109","59.114135742188","-20","119","2.5958862304688","0","109","56.518249511719","-139","8","14"
"video0008_frame0007_R128x128.png","13598","112","55.991394042969","-49","96","5.3758544921875","0","112","50.615539550781","-120","8","15"
"video0008_frame0008_R128x128.png","13284","108","52.500366210938","-22","99","3.3823852539062","0","108","49.117980957031","-108","8","16"
"video0009_frame0001_R128x128.png","0","19","-1.3369750976562","-68","108","14.811279296875","0","19","-16.148254394531","-116","9","1"
"video0009_frame0002_R128x128.png","2","26","-9.9661254882812","-38","93","20.110412597656","0","26","-30.076538085938","-117","9","2"
"video0009_frame0003_R128x128.png","14","35","-3.5291137695312","-36","111","21.919860839844","0","35","-25.448974609375","-126","9","3"
"video0009_frame0004_R128x128.png","257","71","-7.70849609375","-38","114","19.674926757812","0","71","-27.383422851562","-140","9","4"
"video0009_frame0005_R128x128.png","682","61","4.4328002929688","-24","106","21.947937011719","0","61","-17.51513671875","-123","9","5"
"video0009_frame0006_R128x128.png","2950","69","9.4758911132812","-30","119","19.260986328125","0","69","-9.7850952148438","-132","9","6"
"video0009_frame0007_R128x128.png","4775","68","15.353942871094","-23","109","16.2919921875","0","68","-0.93804931640625","-117","9","7"
"video0009_frame0008_R128x128.png","7503","69","21.56787109375","-35","110","11.220886230469","0","69","10.346984863281","-113","9","8"
"video0010_frame0001_R128x128.png","9959","88","28.901794433594","-29","98","5.5930786132812","0","88","23.308715820312","-125","10","9"
"video0010_frame0002_R128x128.png","11693","85","38.794799804688","-20","109","8.5195922851562","0","85","30.275207519531","-117","10","10"
"video0010_frame0003_R128x128.png","14159","110","56.471374511719","-31","103","3.65869140625","0","110","52.812683105469","-107","10","11"
"video0010_frame0004_R128x128.png","13139","105","50.883178710938","-26","107","4.12060546875","0","105","46.762573242188","-112","10","12"
"video0010_frame0005_R128x128.png","13664","89","45.905700683594","-42","96","4.105712890625","0","89","41.799987792969","-135","10","13"
"video0010_frame0006_R128x128.png","13587","98","47.074523925781","-33","114","3.6760864257812","0","98","43.3984375","-128","10","14"
"video0010_frame0007_R128x128.png","13331","87","44.574645996094","-19","119","5.3533325195312","0","87","39.221313476562","-126","10","15"
"video0010_frame0008_R128x128.png","12918","111","50.908325195312","-29","101","2.9844970703125","0","111","47.923828125","-102","10","16"
"video0011_frame0001_R128x128.png","0","17","-3.8523559570312","-28","105","13.100952148438","0","8","-16.953308105469","-110","11","1"
"video0011_frame0002_R128x128.png","0","21","-11.929138183594","-31","117","14.691833496094","0","8","-26.620971679688","-138","11","2"
"video0011_frame0003_R128x128.png","31","35","-1.9790649414062","-29","108","19.075256347656","0","35","-21.054321289062","-122","11","3"
"video0011_frame0004_R128x128.png","248","68","-6.6237182617188","-38","107","15.986633300781","0","68","-22.6103515625","-134","11","4"
"video0011_frame0005_R128x128.png","782","72","4.7936401367188","-25","110","19.062438964844","0","72","-14.268798828125","-122","11","5"
"video0011_frame0006_R128x128.png","2555","70","7.77880859375","-31","111","16.400329589844","0","70","-8.6215209960938","-126","11","6"
"video0011_frame0007_R128x128.png","4309","69","15.700927734375","-28","108","14.333190917969","0","69","1.3677368164062","-124","11","7"
"video0011_frame0008_R128x128.png","7695","76","22.387390136719","-33","116","10.557495117188","0","76","11.829895019531","-135","11","8"
"video0012_frame0001_R128x128.png","10134","76","29.879699707031","-32","95","6.16259765625","0","76","23.717102050781","-118","12","9"
"video0012_frame0002_R128x128.png","11439","85","40.117797851562","-26","104","5.5037841796875","0","85","34.614013671875","-103","12","10"
"video0012_frame0003_R128x128.png","13331","94","48.336608886719","-30","91","3.3871459960938","0","94","44.949462890625","-98","12","11"
"video0012_frame0004_R128x128.png","12233","96","45.341369628906","-24","107","6.4913940429688","0","96","38.849975585938","-119","12","12"
"video0012_frame0005_R128x128.png","13285","113","53.140808105469","-41","105","3.851318359375","0","113","49.289489746094","-127","12","13"
"video0012_frame0006_R128x128.png","14462","92","48.706481933594","-24","70","1.4048461914062","0","92","47.301635742188","-86","12","14"
"video0012_frame0007_R128x128.png","14033","93","47.03662109375","-19","99","3.74072265625","0","93","43.2958984375","-86","12","15"
"video0012_frame0008_R128x128.png","13013","111","49.641418457031","-34","99","5.3880615234375","0","111","44.253356933594","-126","12","16"
"video0013_frame0001_R128x128.png","0","17","-3.9226684570312","-81","106","13.661254882812","0","10","-17.583923339844","-129","13","1"
"video0013_frame0002_R128x128.png","2","27","-11.719116210938","-51","103","16.402160644531","0","27","-28.121276855469","-120","13","2"
"video0013_frame0003_R128x128.png","114","49","-1.8346557617188","-111","113","17.687255859375","0","49","-19.521911621094","-147","13","3"
"video0013_frame0004_R128x128.png","478","73","-6.0654296875","-86","116","16.226379394531","0","73","-22.291809082031","-146","13","4"
"video0013_frame0005_R128x128.png","1212","76","6.29248046875","-26","110","19.116943359375","0","76","-12.824462890625","-120","13","5"
"video0013_frame0006_R128x128.png","2927","71","9.0878295898438","-31","109","16.070983886719","0","71","-6.983154296875","-118","13","6"
"video0013_frame0007_R128x128.png","5184","71","16.884338378906","-26","110","14.213195800781","0","71","2.671142578125","-116","13","7"
"video0013_frame0008_R128x128.png","9003","73","25.89013671875","-20","110","9.1408081054688","0","73","16.749328613281","-127","13","8"
"video0014_frame0001_R128x128.png","10771","79","32.465515136719","-27","88","4.5253295898438","0","79","27.940185546875","-110","14","9"
"video0014_frame0002_R128x128.png","12690","92","46.678466796875","-18","95","4.430908203125","0","92","42.24755859375","-103","14","10"
"video0014_frame0003_R128x128.png","13639","123","58.946533203125","-108","112","3.7576293945312","0","123","55.188903808594","-151","14","11"
"video0014_frame0004_R128x128.png","13685","135","73.109741210938","-34","121","3.3397827148438","0","135","69.769958496094","-132","14","12"
"video0014_frame0005_R128x128.png","13134","118","59.387817382812","-18","94","2.3292846679688","0","118","57.058532714844","-108","14","13"
"video0014_frame0006_R128x128.png","13556","97","50.004699707031","-32","109","5.1577758789062","0","97","44.846923828125","-109","14","14"
"video0014_frame0007_R128x128.png","13422","95","47.213134765625","-27","112","4.3543701171875","0","95","42.858764648438","-107","14","15"
"video0014_frame0008_R128x128.png","12650","109","49.018981933594","-20","109","6.4689331054688","0","109","42.550048828125","-111","14","16"
"video0015_frame0001_R128x128.png","1","25","-1.4408569335938","-52","106","13.754211425781","0","25","-15.195068359375","-109","15","1"
"video0015_frame0002_R128x128.png","0","26","-8.8525390625","-36","106","16.144470214844","0","20","-24.997009277344","-104","15","2"
"video0015_frame0003_R128x128.png","133","55","-2.1631469726562","-65","103","19.529602050781","0","55","-21.692749023438","-129","15","3"
"video0015_frame0004_R128x128.png","436","74","-2.8362426757812","-32","110","17.94189453125","0","74","-20.778137207031","-140","15","4"
"video0015_frame0005_R128x128.png","1232","66","7.3781127929688","-21","112","20.017639160156","0","66","-12.639526367188","-121","15","5"
"video0015_frame0006_R128x128.png","3474","69","13.991638183594","-28","108","17.154113769531","0","69","-3.1624755859375","-113","15","6"
"video0015_frame0007_R128x128.png","4809","64","16.696228027344","-23","109","14.471313476562","0","64","2.2249145507812","-113","15","7"
"video0015_frame0008_R128x128.png","9642","65","27.336791992188","-20","104","8.9322509765625","0","65","18.404541015625","-122","15","8"
"video0016_frame0001_R128x128.png","8123","68","23.964050292969","-24","107","9.8172607421875","0","68","14.146789550781","-112","16","9"
"video0016_frame0002_R128x128.png","13012","88","44.568176269531","-20","106","3.2252197265625","0","88","41.342956542969","-110","16","10"
"video0016_frame0003_R128x128.png","13888","116","60.927124023438","-25","100","2.749267578125","0","116","58.177856445312","-101","16","11"
"video0016_frame0004_R128x128.png","13847","97","52.250915527344","-18","95","3.202392578125","0","97","49.048522949219","-106","16","12"
"video0016_frame0005_R128x128.png","13418","131","64.9443359375","-14","71","1.9905395507812","0","131","62.953796386719","-84","16","13"
"video0016_frame0006_R128x128.png","13651","99","49.658203125","-15","108","4.183349609375","0","99","45.474853515625","-108","16","14"
"video0016_frame0007_R128x128.png","14302","89","47.168273925781","-13","103","3.6224975585938","0","89","43.545776367188","-112","16","15"
"video0016_frame0008_R128x128.png","13204","104","52.793579101562","-29","100","2.876708984375","0","104","49.916870117188","-128","16","16"
"video0017_frame0001_R128x128.png","1","27","-5.224365234375","-115","108","15.279724121094","0","27","-20.504089355469","-146","17","1"
"video0017_frame0002_R128x128.png","0","20","-10.894714355469","-60","110","17.251342773438","0","17","-28.146057128906","-120","17","2"
"video0017_frame0003_R128x128.png","112","47","-1.3068237304688","-76","107","20.745849609375","0","47","-22.052673339844","-120","17","3"
"video0017_frame0004_R128x128.png","545","64","-2.2129516601562","-81","116","16.864196777344","0","64","-19.0771484375","-128","17","4"
"video0017_frame0005_R128x128.png","1345","72","7.8516845703125","-22","110","18.593139648438","0","72","-10.741455078125","-122","17","5"
"video0017_frame0006_R128x128.png","3858","81","15.354553222656","-27","105","16.378234863281","0","81","-1.023681640625","-123","17","6"
"video0017_frame0007_R128x128.png","5819","64","18.981811523438","-22","96","13.938842773438","0","64","5.04296875","-106","17","7"
"video0017_frame0008_R128x128.png","9592","70","28.563354492188","-22","110","10.3017578125","0","70","18.261596679688","-125","17","8"
"video0018_frame0001_R128x128.png","11689","83","35.9384765625","-28","109","5.2947998046875","0","83","30.643676757812","-136","18","9"
"video0018_frame0002_R128x128.png","13024","93","45.677062988281","-12","103","3.3917846679688","0","93","42.285278320312","-104","18","10"
"video0018_frame0003_R128x128.png","14110","104","52.369689941406","-36","94","1.5974731445312","0","104","50.772216796875","-130","18","11"
"video0018_frame0004_R128x128.png","13561","109","60.405944824219","-24","93","2.4511108398438","0","109","57.954833984375","-101","18","12"
"video0018_frame0005_R128x128.png","13665","118","66.122985839844","-6","107","2.6363525390625","0","118","63.486633300781","-103","18","13"
"video0018_frame0006_R128x128.png","14282","92","47.805603027344","-31","108","2.0370483398438","0","92","45.7685546875","-121","18","14"
"video0018_frame0007_R128x128.png","14681","98","45.785949707031","-12","119","3.5675659179688","0","98","42.218383789062","-118","18","15"
"video0018_frame0008_R128x128.png","13184","97","50.187255859375","-24","99","1.300048828125","0","97","48.88720703125","-116","18","16"
"video0019_frame0001_R128x128.png","0","25","-3.240234375","-83","107","15.354614257812","0","22","-18.594848632812","-128","19","1"
"video0019_frame0002_R128x128.png","0","20","-5.6861572265625","-46","113","18.378601074219","0","20","-24.064758300781","-114","19","2"
"video0019_frame0003_R128x128.png","140","54","-1.4586181640625","-25","97","19.963317871094","0","54","-21.421936035156","-114","19","3"
"video0019_frame0004_R128x128.png","683","68","1.7239379882812","-47","112","17.692749023438","0","68","-15.968811035156","-131","19","4"
"video0019_frame0005_R128x128.png","1641","70","8.4999389648438","-24","112","18.741760253906","0","70","-10.241821289062","-122","19","5"
"video0019_frame0006_R128x128.png","3720","64","14.585144042969","-29","96","16.310974121094","0","64","-1.725830078125","-116","19","6"
"video0019_frame0007_R128x128.png","5328","67","18.466735839844","-25","112","15.739501953125","0","67","2.7272338867188","-127","19","7"
"video0019_frame0008_R128x128.png","9280","72","28.398559570312","-19","111","9.974365234375","0","72","18.424194335938","-110","19","8"
"video0020_frame0001_R128x128.png","14077","84","42.961181640625","-22","91","2.885498046875","0","84","40.07568359375","-105","20","9"
"video0020_frame0002_R128x128.png","13275","105","57.280578613281","-19","106","4.3948974609375","0","105","52.885681152344","-107","20","10"
"video0020_frame0003_R128x128.png","13096","116","60.863464355469","-11","92","2.4879760742188","0","116","58.37548828125","-99","20","11"
"video0020_frame0004_R128x128.png","13669","125","72.944396972656","-24","98","2.2639770507812","0","125","70.680419921875","-122","20","12"
"video0020_frame0005_R128x128.png","12209","130","75.630798339844","-3","100","0.87799072265625","0","130","74.752807617188","-95","20","13"
"video0020_frame0006_R128x128.png","12666","107","60.031860351562","-15","120","1.5142822265625","0","107","58.517578125","-122","20","14"
"video0020_frame0007_R128x128.png","14912","92","46.219421386719","-10","110","3.1383666992188","0","92","43.0810546875","-113","20","15"
"video0020_frame0008_R128x128.png","13769","96","48.340270996094","-25","92","1.614013671875","0","96","46.726257324219","-111","20","16"
"video0021_frame0001_R128x128.png","0","17","-0.94232177734375","-79","106","15.4404296875","0","17","-16.382751464844","-119","21","1"
"video0021_frame0002_R128x128.png","10","45","-12.97265625","-47","108","16.130432128906","0","45","-29.103088378906","-108","21","2"
"video0021_frame0003_R128x128.png","117","55","-0.07977294921875","-56","113","19.675231933594","0","55","-19.755004882812","-130","21","3"
"video0021_frame0004_R128x128.png","576","70","-4.5344848632812","-52","115","18.482604980469","0","70","-23.01708984375","-129","21","4"
"video0021_frame0005_R128x128.png","1712","68","7.76513671875","-26","95","18.312683105469","0","68","-10.547546386719","-112","21","5"
"video0021_frame0006_R128x128.png","4965","70","16.279663085938","-25","101","15.3486328125","0","70","0.9310302734375","-113","21","6"
"video0021_frame0007_R128x128.png","7627","81","24.905578613281","-26","114","12.287292480469","0","81","12.618286132812","-127","21","7"
"video0021_frame0008_R128x128.png","11277","87","37.883666992188","-35","113","10.078308105469","0","87","27.805358886719","-121","21","8"
"video0022_frame0001_R128x128.png","13543","75","39.793518066406","-27","82","2.9841918945312","0","75","36.809326171875","-108","22","9"
"video0022_frame0002_R128x128.png","13973","83","45.599304199219","-15","102","4.2326049804688","0","83","41.36669921875","-106","22","10"
"video0022_frame0003_R128x128.png","13893","83","38.265625","-47","107","4.2672119140625","0","83","33.998413085938","-125","22","11"
"video0022_frame0004_R128x128.png","12719","117","63.105346679688","-22","100","2.9945068359375","0","117","60.11083984375","-122","22","12"
"video0022_frame0005_R128x128.png","14498","103","58.387817382812","-29","118","3.9409790039062","0","103","54.446838378906","-144","22","13"
"video0022_frame0006_R128x128.png","14162","94","48.670715332031","-7","116","2.008544921875","0","94","46.662170410156","-112","22","14"
"video0022_frame0007_R128x128.png","14373","113","56.733642578125","-22","105","2.5150146484375","0","113","54.218627929688","-116","22","15"
"video0022_frame0008_R128x128.png","14711","93","46.613830566406","-19","97","2.9143676757812","0","93","43.699462890625","-111","22","16"
"video0023_frame0001_R128x128.png","0","26","-2.838134765625","-108","103","15.541564941406","0","22","-18.379699707031","-136","23","1"
"video0023_frame0002_R128x128.png","1","26","-13.135559082031","-57","110","17.926086425781","0","25","-31.061645507812","-113","23","2"
"video0023_frame0003_R128x128.png","260","57","-0.57012939453125","-48","111","21.799560546875","0","57","-22.369689941406","-125","23","3"
"video0023_frame0004_R128x128.png","631","76","-3.7067260742188","-45","118","17.016418457031","0","76","-20.72314453125","-141","23","4"
"video0023_frame0005_R128x128.png","1764","75","8.2626342773438","-30","108","19.111022949219","0","75","-10.848388671875","-125","23","5"
"video0023_frame0006_R128x128.png","4715","75","17.618835449219","-26","111","16.684020996094","0","75","0.934814453125","-119","23","6"
"video0023_frame0007_R128x128.png","6804","72","22.185363769531","-22","109","12.343872070312","0","72","9.8414916992188","-122","23","7"
"video0023_frame0008_R128x128.png","10709","78","32.018798828125","-18","112","7.923583984375","0","78","24.09521484375","-128","23","8"
"video0024_frame0001_R128x128.png","14714","86","45.012390136719","-31","79","2.0834350585938","0","86","42.928955078125","-109","24","9"
"video0024_frame0002_R128x128.png","12481","104","56.295288085938","-11","93","1.3366088867188","0","104","54.958679199219","-99","24","10"
"video0024_frame0003_R128x128.png","13936","130","67.966857910156","-26","125","2.7054443359375","0","130","65.261413574219","-136","24","11"
"video0024_frame0004_R128x128.png","12501","129","77.379760742188","-13","98","1.420654296875","0","129","75.959106445312","-111","24","12"
"video0024_frame0005_R128x128.png","13850","100","55.903930664062","-12","99","2.843505859375","0","100","53.060424804688","-107","24","13"
"video0024_frame0006_R128x128.png","13195","112","59.61474609375","-22","101","1.0173950195312","0","112","58.597351074219","-100","24","14"
"video0024_frame0007_R128x128.png","15180","100","54.003295898438","-1","87","2.1915893554688","0","100","51.811706542969","-73","24","15"
"video0024_frame0008_R128x128.png","13123","107","54.826110839844","-19","96","1.7857666015625","0","107","53.040344238281","-111","24","16"
"video0025_frame0001_R128x128.png","0","23","-5.0526123046875","-105","108","15.185424804688","0","14","-20.238037109375","-136","25","1"
"video0025_frame0002_R128x128.png","0","21","-12.038024902344","-95","105","16.810485839844","0","12","-28.848510742188","-128","25","2"
"video0025_frame0003_R128x128.png","27","42","-2.283935546875","-81","110","20.710327148438","0","42","-22.994262695312","-134","25","3"
"video0025_frame0004_R128x128.png","178","61","-8.3551025390625","-82","119","18.368347167969","0","61","-26.723449707031","-153","25","4"
"video0025_frame0005_R128x128.png","690","70","4.6704711914062","-24","113","21.474548339844","0","70","-16.804077148438","-124","25","5"
"video0025_frame0006_R128x128.png","2396","69","8.778076171875","-28","108","17.378601074219","0","69","-8.6005249023438","-122","25","6"
"video0025_frame0007_R128x128.png","3686","65","11.042663574219","-26","106","15.166687011719","0","65","-4.1240234375","-113","25","7"
"video0025_frame0008_R128x128.png","6196","61","17.682861328125","-24","117","11.642761230469","0","61","6.0401000976562","-126","25","8"
"video0026_frame0001_R128x128.png","7476","78","20.517150878906","-32","102","9.242431640625","0","78","11.274719238281","-126","26","9"
"video0026_frame0002_R128x128.png","8731","84","25.938293457031","-30","109","7.7380981445312","0","84","18.2001953125","-117","26","10"
"video0026_frame0003_R128x128.png","8693","80","25.013793945312","-30","100","8.1615600585938","0","80","16.852233886719","-104","26","11"
"video0026_frame0004_R128x128.png","8487","73","24.761535644531","-31","107","8.7369384765625","0","73","16.024597167969","-114","26","12"
"video0026_frame0005_R128x128.png","5087","63","16.7451171875","-39","111","10.071716308594","0","63","6.6734008789062","-124","26","13"
"video0026_frame0006_R128x128.png","5420","77","16.986572265625","-31","108","11.903381347656","0","77","5.0831909179688","-112","26","14"
"video0026_frame0007_R128x128.png","10748","101","36.053894042969","-32","122","10.287841796875","0","101","25.766052246094","-128","26","15"
"video0026_frame0008_R128x128.png","12716","92","41.275146484375","-40","100","6.1072998046875","0","92","35.167846679688","-130","26","16"
"video0027_frame0001_R128x128.png","0","24","-4.7673950195312","-113","109","15.278503417969","0","18","-20.0458984375","-147","27","1"
"video0027_frame0002_R128x128.png","0","25","-12.962097167969","-98","113","16.761535644531","0","12","-29.7236328125","-129","27","2"
"video0027_frame0003_R128x128.png","34","44","-2.7828979492188","-62","108","21.353393554688","0","44","-24.136291503906","-123","27","3"
"video0027_frame0004_R128x128.png","282","63","-9.2743530273438","-59","109","17.881896972656","0","63","-27.15625","-141","27","4"
"video0027_frame0005_R128x128.png","943","65","5.24072265625","-21","109","19.859313964844","0","65","-14.618591308594","-123","27","5"
"video0027_frame0006_R128x128.png","2627","67","8.1912841796875","-31","108","15.93603515625","0","67","-7.7447509765625","-122","27","6"
"video0027_frame0007_R128x128.png","4397","67","13.465026855469","-24","110","13.908508300781","0","67","-0.4434814453125","-131","27","7"
"video0027_frame0008_R128x128.png","7709","69","23.3115234375","-21","110","10.348693847656","0","69","12.962829589844","-123","27","8"
"video0028_frame0001_R128x128.png","6147","67","14.928039550781","-37","112","10.113037109375","0","67","4.8150024414062","-125","28","9"
"video0028_frame0002_R128x128.png","6177","72","16.739379882812","-33","110","9.9513549804688","0","72","6.7880249023438","-124","28","10"
"video0028_frame0003_R128x128.png","8788","76","25.282165527344","-38","100","7.4800415039062","0","76","17.802124023438","-108","28","11"
"video0028_frame0004_R128x128.png","8439","82","23.385864257812","-31","105","7.5872802734375","0","82","15.798583984375","-130","28","12"
"video0028_frame0005_R128x128.png","8955","98","28.197875976562","-41","115","7.92919921875","0","98","20.268676757812","-146","28","13"
"video0028_frame0006_R128x128.png","9540","74","28.770385742188","-24","111","6.3991088867188","0","74","22.371276855469","-108","28","14"
"video0028_frame0007_R128x128.png","12624","90","40.91943359375","-24","94","5.8885498046875","0","90","35.030883789062","-109","28","15"
"video0028_frame0008_R128x128.png","13465","84","37.312805175781","-30","106","3.6541748046875","0","84","33.658630371094","-118","28","16"
"video0029_frame0001_R128x128.png","0","21","-2.5977172851562","-51","101","15.031982421875","0","15","-17.629699707031","-121","29","1"
"video0029_frame0002_R128x128.png","0","20","-10.909057617188","-37","111","16.937561035156","0","17","-27.846618652344","-110","29","2"
"video0029_frame0003_R128x128.png","46","47","-2.1541137695312","-33","110","20.365600585938","0","47","-22.519714355469","-119","29","3"
"video0029_frame0004_R128x128.png","386","77","-3.9085083007812","-38","113","17.39501953125","0","77","-21.303527832031","-128","29","4"
"video0029_frame0005_R128x128.png","977","78","6.8267211914062","-26","112","19.257507324219","0","78","-12.430786132812","-126","29","5"
"video0029_frame0006_R128x128.png","2666","76","10.680541992188","-31","108","16.3740234375","0","76","-5.6934814453125","-118","29","6"
"video0029_frame0007_R128x128.png","4504","71","13.486999511719","-27","106","14.285461425781","0","71","-0.7984619140625","-119","29","7"
"video0029_frame0008_R128x128.png","7455","84","22.449523925781","-27","113","11.599365234375","0","84","10.850158691406","-125","29","8"
"video0030_frame0001_R128x128.png","7705","77","21.090087890625","-31","97","8.7423095703125","0","77","12.347778320312","-120","30","9"
"video0030_frame0002_R128x128.png","9011","85","26.770141601562","-22","110","7.8590087890625","0","85","18.9111328125","-119","30","10"
"video0030_frame0003_R128x128.png","8207","70","22.485961914062","-41","106","9.3948974609375","0","70","13.091064453125","-112","30","11"
"video0030_frame0004_R128x128.png","9359","74","26.890625","-23","109","8.818359375","0","74","18.072265625","-113","30","12"
"video0030_frame0005_R128x128.png","6783","75","20.041687011719","-29","100","9.8389282226562","0","75","10.202758789062","-111","30","13"
"video0030_frame0006_R128x128.png","5366","68","17.352783203125","-46","106","9.9279174804688","0","68","7.4248657226562","-114","30","14"
"video0030_frame0007_R128x128.png","10990","74","33.456604003906","-25","109","6.4656982421875","0","74","26.990905761719","-119","30","15"
"video0030_frame0008_R128x128.png","13632","90","45.076049804688","-26","112","2.9154052734375","0","90","42.16064453125","-132","30","16"
"video0031_frame0001_R128x128.png","0","19","-3.1207275390625","-48","108","15.173522949219","0","16","-18.294250488281","-120","31","1"
"video0031_frame0002_R128x128.png","0","23","-9.4481201171875","-48","108","18.43359375","0","23","-27.881713867188","-116","31","2"
"video0031_frame0003_R128x128.png","104","55","-1.5072631835938","-41","112","21.723571777344","0","55","-23.230834960938","-122","31","3"
"video0031_frame0004_R128x128.png","366","60","-4.7135009765625","-36","115","19.050048828125","0","60","-23.763549804688","-134","31","4"
"video0031_frame0005_R128x128.png","1017","68","6.2225341796875","-28","110","20.74609375","0","68","-14.523559570312","-136","31","5"
"video0031_frame0006_R128x128.png","3116","69","12.232177734375","-33","116","18.706909179688","0","69","-6.4747314453125","-133","31","6"
"video0031_frame0007_R128x128.png","4908","65","16.20703125","-24","109","15.926147460938","0","65","0.2808837890625","-125","31","7"
"video0031_frame0008_R128x128.png","7375","70","23.096984863281","-21","108","10.927124023438","0","70","12.169860839844","-119","31","8"
"video0032_frame0001_R128x128.png","9214","71","26.1201171875","-26","116","10.475830078125","0","71","15.644287109375","-137","32","9"
"video0032_frame0002_R128x128.png","9813","72","27.964233398438","-18","102","10.503784179688","0","72","17.46044921875","-108","32","10"
"video0032_frame0003_R128x128.png","7186","72","21.168395996094","-27","94","13.187438964844","0","72","7.98095703125","-120","32","11"
"video0032_frame0004_R128x128.png","6000","68","18.865661621094","-25","97","14.330505371094","0","68","4.53515625","-107","32","12"
"video0032_frame0005_R128x128.png","5511","62","18.475158691406","-30","111","10.436767578125","0","62","8.0383911132812","-126","32","13"
"video0032_frame0006_R128x128.png","6156","71","20.724853515625","-43","108","12.642639160156","0","71","8.0822143554688","-150","32","14"
"video0032_frame0007_R128x128.png","10376","83","33.25390625","-27","107","8.93896484375","0","83","24.31494140625","-134","32","15"
"video0032_frame0008_R128x128.png","13354","71","35.344848632812","-33","108","3.5819702148438","0","71","31.762878417969","-137","32","16"
"video0033_frame0001_R128x128.png","0","19","-2.9329833984375","-79","110","14.813110351562","0","9","-17.74609375","-110","33","1"
"video0033_frame0002_R128x128.png","0","24","-8.7514038085938","-35","118","16.952392578125","0","23","-25.703796386719","-138","33","2"
"video0033_frame0003_R128x128.png","199","54","-1.4266967773438","-34","106","20.211120605469","0","54","-21.637817382812","-117","33","3"
"video0033_frame0004_R128x128.png","705","75","-3.493408203125","-36","110","18.381042480469","0","75","-21.874450683594","-122","33","4"
"video0033_frame0005_R128x128.png","1470","66","6.4650268554688","-28","108","20.300720214844","0","66","-13.835693359375","-121","33","5"
"video0033_frame0006_R128x128.png","3433","65","12.338439941406","-27","116","18.080444335938","0","65","-5.7420043945312","-133","33","6"
"video0033_frame0007_R128x128.png","5889","71","18.772827148438","-27","112","15.212707519531","0","71","3.5601196289062","-124","33","7"
"video0033_frame0008_R128x128.png","8069","67","24.241638183594","-21","110","9.145751953125","0","67","15.095886230469","-120","33","8"
"video0034_frame0001_R128x128.png","10510","81","30.15771484375","-17","90","7.0604248046875","0","81","23.097290039062","-102","34","9"
"video0034_frame0002_R128x128.png","10544","74","30.522216796875","-14","120","8.9119262695312","0","74","21.610290527344","-131","34","10"
"video0034_frame0003_R128x128.png","10088","80","28.234680175781","-23","107","9.77587890625","0","80","18.458801269531","-108","34","11"
"video0034_frame0004_R128x128.png","8336","77","23.268249511719","-22","106","11.652770996094","0","77","11.615478515625","-112","34","12"
"video0034_frame0005_R128x128.png","8012","68","24.488708496094","-19","103","8.0467529296875","0","68","16.441955566406","-108","34","13"
"video0034_frame0006_R128x128.png","9308","82","28.505798339844","-24","111","9.3155517578125","0","82","19.190246582031","-121","34","14"
"video0034_frame0007_R128x128.png","11337","75","33.847106933594","-19","119","7.0247802734375","0","75","26.822326660156","-132","34","15"
"video0034_frame0008_R128x128.png","12880","121","53.306640625","-20","110","5.1652221679688","0","121","48.141418457031","-115","34","16"
"video0035_frame0001_R128x128.png","0","23","-1.8284912109375","-74","109","15.022521972656","0","23","-16.851013183594","-116","35","1"
"video0035_frame0002_R128x128.png","0","22","-11.7998046875","-33","110","17.588012695312","0","18","-29.387817382812","-126","35","2"
"video0035_frame0003_R128x128.png","120","53","-1.7881469726562","-41","104","21.858642578125","0","53","-23.646789550781","-118","35","3"
"video0035_frame0004_R128x128.png","508","68","-1.9522094726562","-31","118","18.645568847656","0","68","-20.597778320312","-137","35","4"
"video0035_frame0005_R128x128.png","1107","67","5.5951538085938","-26","106","20.73974609375","0","67","-15.144592285156","-121","35","5"
"video0035_frame0006_R128x128.png","3908","65","14.233154296875","-33","119","18.455139160156","0","65","-4.2219848632812","-134","35","6"
"video0035_frame0007_R128x128.png","5532","71","17.806579589844","-22","107","14.369812011719","0","71","3.436767578125","-116","35","7"
"video0035_frame0008_R128x128.png","7886","65","23.578735351562","-23","112","11.826416015625","0","65","11.752319335938","-119","35","8"
"video0036_frame0001_R128x128.png","8138","67","23.347534179688","-42","88","10.447204589844","0","67","12.900329589844","-108","36","9"
"video0036_frame0002_R128x128.png","6708","69","20.981018066406","-22","107","13.679626464844","0","69","7.3013916015625","-111","36","10"
"video0036_frame0003_R128x128.png","4157","68","14.185668945312","-36","94","14.289489746094","0","68","-0.10382080078125","-106","36","11"
"video0036_frame0004_R128x128.png","2968","68","13.317687988281","-24","113","15.594299316406","0","68","-2.276611328125","-117","36","12"
"video0036_frame0005_R128x128.png","4263","71","15.270629882812","-40","111","13.676147460938","0","71","1.594482421875","-121","36","13"
"video0036_frame0006_R128x128.png","4302","62","14.663391113281","-44","111","13.857421875","0","62","0.80596923828125","-125","36","14"
"video0036_frame0007_R128x128.png","9444","78","28.969604492188","-22","105","11.844116210938","0","78","17.12548828125","-116","36","15"
"video0036_frame0008_R128x128.png","13356","76","37.783508300781","-18","99","3.0349731445312","0","76","34.74853515625","-114","36","16"
"video0037_frame0001_R128x128.png","0","16","-1.8248901367188","-20","106","15.163940429688","0","10","-16.988830566406","-116","37","1"
"video0037_frame0002_R128x128.png","0","21","-8.8745727539062","-48","109","18.2578125","0","19","-27.132385253906","-124","37","2"
"video0037_frame0003_R128x128.png","39","46","-1.1558837890625","-33","112","21.437805175781","0","46","-22.593688964844","-135","37","3"
"video0037_frame0004_R128x128.png","350","66","-3.5695190429688","-30","114","20.538818359375","0","66","-24.108337402344","-124","37","4"
"video0037_frame0005_R128x128.png","711","68","5.3527221679688","-27","110","20.349060058594","0","68","-14.996337890625","-120","37","5"
"video0037_frame0006_R128x128.png","2534","70","11.039306640625","-28","118","19.819641113281","0","70","-8.7803344726562","-133","37","6"
"video0037_frame0007_R128x128.png","3706","68","14.783081054688","-23","110","17.52294921875","0","68","-2.7398681640625","-112","37","7"
"video0037_frame0008_R128x128.png","6856","70","21.4375","-25","115","13.025146484375","0","70","8.412353515625","-128","37","8"
"video0038_frame0001_R128x128.png","8966","83","28.560119628906","-42","100","10.376159667969","0","83","18.183959960938","-124","38","9"
"video0038_frame0002_R128x128.png","11050","92","38.524963378906","-25","102","8.1253051757812","0","92","30.399658203125","-102","38","10"
"video0038_frame0003_R128x128.png","12240","94","41.630493164062","-36","92","5.7058715820312","0","94","35.924621582031","-94","38","11"
"video0038_frame0004_R128x128.png","12719","97","47.512084960938","-17","98","4.7398071289062","0","97","42.772277832031","-112","38","12"
"video0038_frame0005_R128x128.png","13393","109","52.47265625","-26","96","3.3280029296875","0","109","49.144653320312","-104","38","13"
"video0038_frame0006_R128x128.png","13073","73","36.136108398438","-25","113","2.5980834960938","0","73","33.538024902344","-126","38","14"
"video0038_frame0007_R128x128.png","13533","109","56.633850097656","-19","112","2.9949340820312","0","109","53.638916015625","-124","38","15"
"video0038_frame0008_R128x128.png","13044","79","35.960144042969","-22","106","2.0848999023438","0","79","33.875244140625","-123","38","16"
"video0039_frame0001_R128x128.png","0","17","-2.8514404296875","-29","107","15.747131347656","0","9","-18.598571777344","-116","39","1"
"video0039_frame0002_R128x128.png","0","23","-10.6552734375","-46","109","20.0478515625","0","23","-30.703125","-122","39","2"
"video0039_frame0003_R128x128.png","77","48","-4.2698974609375","-36","106","23.704223632812","0","48","-27.97412109375","-114","39","3"
"video0039_frame0004_R128x128.png","457","83","-3.6703491210938","-27","114","18.912048339844","0","83","-22.582397460938","-132","39","4"
"video0039_frame0005_R128x128.png","1132","73","5.3195190429688","-34","108","18.941101074219","0","73","-13.62158203125","-117","39","5"
"video0039_frame0006_R128x128.png","3378","67","10.259094238281","-27","109","16.68408203125","0","67","-6.4249877929688","-124","39","6"
"video0039_frame0007_R128x128.png","5856","66","20.091247558594","-23","113","13.648254394531","0","66","6.4429931640625","-121","39","7"
"video0039_frame0008_R128x128.png","8922","75","26.884460449219","-24","122","9.103759765625","0","75","17.780700683594","-140","39","8"
"video0040_frame0001_R128x128.png","12123","82","36.337707519531","-35","92","4.1749267578125","0","82","32.162780761719","-119","40","9"
"video0040_frame0002_R128x128.png","12846","101","47.088439941406","-31","106","3.2550048828125","0","101","43.833435058594","-112","40","10"
"video0040_frame0003_R128x128.png","12936","111","56.266479492188","-29","119","3.8626098632812","0","111","52.403869628906","-113","40","11"
"video0040_frame0004_R128x128.png","13388","93","49.123596191406","-21","108","2.0927734375","0","93","47.030822753906","-112","40","12"
"video0040_frame0005_R128x128.png","13324","94","47.964172363281","-14","84","3.446533203125","0","94","44.517639160156","-95","40","13"
"video0040_frame0006_R128x128.png","13435","82","39.146484375","-18","111","2.1993408203125","0","82","36.947143554688","-119","40","14"
"video0040_frame0007_R128x128.png","13623","88","43.01025390625","-19","96","2.6982421875","0","88","40.31201171875","-113","40","15"
"video0040_frame0008_R128x128.png","11915","77","34.768676757812","-19","115","4.724609375","0","77","30.044067382812","-129","40","16"
"video0041_frame0001_R128x128.png","0","16","-2.6953125","-24","113","14.378601074219","0","16","-17.073913574219","-129","41","1"
"video0041_frame0002_R128x128.png","1","29","-9.88720703125","-42","108","17.734741210938","0","29","-27.621948242188","-116","41","2"
"video0041_frame0003_R128x128.png","74","57","-0.59246826171875","-36","107","21.155517578125","0","57","-21.747985839844","-122","41","3"
"video0041_frame0004_R128x128.png","347","67","-6.3785400390625","-39","117","18.717102050781","0","67","-25.095642089844","-151","41","4"
"video0041_frame0005_R128x128.png","888","66","4.9328002929688","-31","112","23.761596679688","0","66","-18.828796386719","-125","41","5"
"video0041_frame0006_R128x128.png","2355","68","10.437622070312","-28","113","20.619201660156","0","68","-10.181579589844","-133","41","6"
"video0041_frame0007_R128x128.png","3907","64","14.437133789062","-28","111","17.622680664062","0","64","-3.185546875","-121","41","7"
"video0041_frame0008_R128x128.png","6941","62","20.083740234375","-21","110","11.527770996094","0","62","8.5559692382812","-103","41","8"
"video0042_frame0001_R128x128.png","9614","79","28.692077636719","-40","111","8.2758178710938","0","79","20.416259765625","-142","42","9"
"video0042_frame0002_R128x128.png","12346","105","46.757080078125","-16","106","4.1284790039062","0","105","42.628601074219","-112","42","10"
"video0042_frame0003_R128x128.png","12983","96","42.359680175781","-33","84","3.234375","0","96","39.125305175781","-103","42","11"
"video0042_frame0004_R128x128.png","12868","124","61.894287109375","-25","112","3.2011108398438","0","124","58.693176269531","-137","42","12"
"video0042_frame0005_R128x128.png","13218","107","53.597473144531","-16","104","4.4749145507812","0","107","49.12255859375","-110","42","13"
"video0042_frame0006_R128x128.png","13734","96","47.059753417969","-13","104","3.4212646484375","0","96","43.638488769531","-103","42","14"
"video0042_frame0007_R128x128.png","13637","104","54.451599121094","-26","98","3.1297607421875","0","104","51.321838378906","-113","42","15"
"video0042_frame0008_R128x128.png","13521","77","38.266540527344","-26","108","2.3148803710938","0","77","35.95166015625","-124","42","16"
"video0043_frame0001_R128x128.png","0","19","-1.9190063476562","-34","108","13.143188476562","0","10","-15.062194824219","-113","43","1"
"video0043_frame0002_R128x128.png","16","46","-14.9736328125","-45","112","24.864135742188","0","46","-39.837768554688","-133","43","2"
"video0043_frame0003_R128x128.png","177","53","-4.1940307617188","-34","110","20.696105957031","0","53","-24.89013671875","-133","43","3"
"video0043_frame0004_R128x128.png","634","79","-3.4113159179688","-31","117","17.889038085938","0","79","-21.300354003906","-133","43","4"
"video0043_frame0005_R128x128.png","1239","67","6.1934814453125","-25","105","18.199645996094","0","67","-12.006164550781","-118","43","5"
"video0043_frame0006_R128x128.png","4227","72","14.049133300781","-25","106","15.575439453125","0","72","-1.5263061523438","-128","43","6"
"video0043_frame0007_R128x128.png","6425","69","20.232360839844","-22","110","12.331237792969","0","69","7.901123046875","-123","43","7"
"video0043_frame0008_R128x128.png","10882","74","32.166809082031","-20","116","6.7493286132812","0","74","25.41748046875","-127","43","8"
"video0044_frame0001_R128x128.png","13055","91","42.795593261719","-33","88","2.722900390625","0","91","40.072692871094","-114","44","9"
"video0044_frame0002_R128x128.png","13571","100","56.840576171875","-32","98","1.5729370117188","0","100","55.267639160156","-125","44","10"
"video0044_frame0003_R128x128.png","12732","96","54.88623046875","-21","108","0.69976806640625","0","96","54.186462402344","-115","44","11"
"video0044_frame0004_R128x128.png","12736","132","75.256225585938","-19","105","1.1654663085938","0","132","74.090759277344","-113","44","12"
"video0044_frame0005_R128x128.png","13130","99","56.44580078125","-18","116","1.0489501953125","0","99","55.396850585938","-134","44","13"
"video0044_frame0006_R128x128.png","14804","82","45.886474609375","-18","110","0.96160888671875","0","82","44.924865722656","-117","44","14"
"video0044_frame0007_R128x128.png","14454","88","51.094787597656","-18","104","1.291748046875","0","88","49.803039550781","-122","44","15"
"video0044_frame0008_R128x128.png","12530","81","35.044799804688","-26","111","2.617919921875","0","81","32.426879882812","-112","44","16"
"video0045_frame0001_R128x128.png","0","26","-4.7445678710938","-21","108","12.226623535156","0","22","-16.97119140625","-101","45","1"
"video0045_frame0002_R128x128.png","45","43","-12.416625976562","-46","112","22.52587890625","0","43","-34.942504882812","-144","45","2"
"video0045_frame0003_R128x128.png","183","58","-2.5947265625","-34","106","19.836853027344","0","58","-22.431579589844","-123","45","3"
"video0045_frame0004_R128x128.png","593","68","-5.2540283203125","-39","114","18.012023925781","0","68","-23.266052246094","-135","45","4"
"video0045_frame0005_R128x128.png","1463","68","7.00244140625","-33","109","19.00830078125","0","68","-12.005859375","-121","45","5"
"video0045_frame0006_R128x128.png","4638","77","15.225952148438","-27","108","15.753784179688","0","77","-0.52783203125","-126","45","6"
"video0045_frame0007_R128x128.png","6726","63","20.30908203125","-27","113","11.276123046875","0","63","9.032958984375","-113","45","7"
"video0045_frame0008_R128x128.png","10834","78","31.505920410156","-24","116","6.3192138671875","0","78","25.186706542969","-133","45","8"
"video0046_frame0001_R128x128.png","12838","104","47.800659179688","-24","119","3.2608642578125","0","104","44.539794921875","-123","46","9"
"video0046_frame0002_R128x128.png","13651","100","51.2939453125","-15","98","2.276123046875","0","100","49.017822265625","-99","46","10"
"video0046_frame0003_R128x128.png","12755","126","60.295349121094","-29","95","1.8157958984375","0","126","58.479553222656","-105","46","11"
"video0046_frame0004_R128x128.png","14335","104","53.849426269531","-31","89","2.6998901367188","0","104","51.149536132812","-101","46","12"
"video0046_frame0005_R128x128.png","12996","121","69.445495605469","-2","74","1.0095825195312","0","121","68.435913085938","-49","46","13"
"video0046_frame0006_R128x128.png","13305","94","50.700317382812","-20","107","2.5728149414062","0","94","48.127502441406","-111","46","14"
"video0046_frame0007_R128x128.png","14048","102","53.789367675781","-21","117","2.219482421875","0","102","51.569885253906","-116","46","15"
"video0046_frame0008_R128x128.png","11965","107","45.471862792969","-23","102","6.1082763671875","0","107","39.363586425781","-112","46","16"
"video0047_frame0001_R128x128.png","0","13","-6.1365966796875","-32","108","14.039611816406","0","10","-20.176208496094","-116","47","1"
"video0047_frame0002_R128x128.png","15","35","-14.43505859375","-39","110","21.73193359375","0","35","-36.1669921875","-126","47","2"
"video0047_frame0003_R128x128.png","203","50","-2.582275390625","-36","106","20.16064453125","0","50","-22.742919921875","-117","47","3"
"video0047_frame0004_R128x128.png","628","84","-4.829833984375","-30","112","17.513916015625","0","84","-22.34375","-125","47","4"
"video0047_frame0005_R128x128.png","1362","65","5.9553833007812","-32","110","20.6201171875","0","65","-14.664733886719","-127","47","5"
"video0047_frame0006_R128x128.png","4197","66","13.063903808594","-23","103","16.748107910156","0","66","-3.6842041015625","-122","47","6"
"video0047_frame0007_R128x128.png","6402","71","20.495056152344","-27","110","12.478942871094","0","71","8.01611328125","-119","47","7"
"video0047_frame0008_R128x128.png","10376","74","30.987426757812","-23","110","7.3889770507812","0","74","23.598449707031","-122","47","8"
"video0048_frame0001_R128x128.png","10474","66","29.414978027344","-49","115","5.722412109375","0","66","23.692565917969","-163","48","9"
"video0048_frame0002_R128x128.png","13651","113","59.936706542969","-20","115","3.8037109375","0","113","56.132995605469","-114","48","10"
"video0048_frame0003_R128x128.png","9278","128","43.830627441406","-70","152","10.177734375","0","128","33.652893066406","-190","48","11"
"video0048_frame0004_R128x128.png","14228","120","56.990234375","-23","91","2.9990234375","0","120","53.9912109375","-102","48","12"
"video0048_frame0005_R128x128.png","14557","89","47.625427246094","-22","91","1.5641479492188","0","89","46.061279296875","-102","48","13"
"video0048_frame0006_R128x128.png","14176","95","48.628112792969","-36","112","3.189208984375","0","95","45.438903808594","-120","48","14"
"video0048_frame0007_R128x128.png","13828","103","51.932678222656","-29","89","3.1778564453125","0","103","48.754821777344","-111","48","15"
"video0048_frame0008_R128x128.png","13676","83","42.895690917969","-24","109","2.8883056640625","0","83","40.007385253906","-120","48","16"
"video0049_frame0001_R128x128.png","0","22","-0.28363037109375","-31","109","13.698181152344","0","18","-13.981811523438","-110","49","1"
"video0049_frame0002_R128x128.png","9","34","-14.822021484375","-39","112","22.751281738281","0","34","-37.573303222656","-119","49","2"
"video0049_frame0003_R128x128.png","30","35","-2.5885620117188","-21","106","20.266052246094","0","35","-22.854614257812","-111","49","3"
"video0049_frame0004_R128x128.png","254","69","-6.148193359375","-31","107","17.501892089844","0","69","-23.650085449219","-116","49","4"
"video0049_frame0005_R128x128.png","1028","75","6.4556884765625","-25","110","19.320861816406","0","75","-12.865173339844","-128","49","5"
"video0049_frame0006_R128x128.png","2491","72","7.4561157226562","-29","106","16.605224609375","0","72","-9.1491088867188","-117","49","6"
"video0049_frame0007_R128x128.png","3515","66","10.651123046875","-27","111","16.747314453125","0","66","-6.09619140625","-122","49","7"
"video0049_frame0008_R128x128.png","6697","73","20.97412109375","-27","111","10.651428222656","0","73","10.322692871094","-122","49","8"
"video0050_frame0001_R128x128.png","8403","84","25.037353515625","-36","91","9.8178100585938","0","84","15.219543457031","-106","50","9"
"video0050_frame0002_R128x128.png","10354","85","33.907409667969","-25","113","6.9608154296875","0","85","26.946594238281","-123","50","10"
"video0050_frame0003_R128x128.png","9028","92","27.67724609375","-36","96","8.5292358398438","0","92","19.148010253906","-109","50","11"
"video0050_frame0004_R128x128.png","6890","84","20.085327148438","-28","108","10.515686035156","0","84","9.5696411132812","-119","50","12"
"video0050_frame0005_R128x128.png","4626","73","15.0634765625","-31","103","13.448669433594","0","73","1.6148071289062","-111","50","13"
"video0050_frame0006_R128x128.png","4388","76","14.4345703125","-31","112","13.503662109375","0","76","0.930908203125","-119","50","14"
"video0050_frame0007_R128x128.png","8939","73","26.018432617188","-25","101","8.2296142578125","0","73","17.788818359375","-102","50","15"
"video0050_frame0008_R128x128.png","11174","99","39.296936035156","-45","108","6.4772338867188","0","99","32.819702148438","-132","50","16"
"video0051_frame0001_R128x128.png","0","18","-2.077880859375","-30","111","12.918395996094","0","10","-14.996276855469","-122","51","1"
"video0051_frame0002_R128x128.png","1","26","-18.215087890625","-53","115","21.504577636719","0","26","-39.719665527344","-149","51","2"
"video0051_frame0003_R128x128.png","7","28","-3.0396118164062","-41","103","19.693969726562","0","28","-22.733581542969","-116","51","3"
"video0051_frame0004_R128x128.png","142","81","-9.27001953125","-32","111","17.6484375","0","81","-26.91845703125","-126","51","4"
"video0051_frame0005_R128x128.png","534","69","4.0084228515625","-28","104","18.612426757812","0","69","-14.60400390625","-123","51","5"
"video0051_frame0006_R128x128.png","1744","67","3.0093994140625","-28","113","16.77294921875","0","67","-13.763549804688","-128","51","6"
"video0051_frame0007_R128x128.png","2655","63","4.8267822265625","-26","106","14.870300292969","0","63","-10.043518066406","-118","51","7"
"video0051_frame0008_R128x128.png","5359","64","15.385498046875","-25","105","11.046569824219","0","64","4.3389282226562","-110","51","8"
"video0052_frame0001_R128x128.png","8089","83","24.732055664062","-31","88","8.5076293945312","0","83","16.224426269531","-111","52","9"
"video0052_frame0002_R128x128.png","9621","91","32.212707519531","-30","109","9.4332275390625","0","91","22.779479980469","-114","52","10"
"video0052_frame0003_R128x128.png","8783","93","27.47216796875","-42","100","10.084289550781","0","93","17.387878417969","-118","52","11"
"video0052_frame0004_R128x128.png","7587","75","22.191467285156","-29","89","8.8340454101562","0","75","13.357421875","-98","52","12"
"video0052_frame0005_R128x128.png","6056","77","19.347290039062","-36","102","10.538818359375","0","77","8.8084716796875","-108","52","13"
"video0052_frame0006_R128x128.png","3664","74","11.7099609375","-42","112","14.774047851562","0","74","-3.0640869140625","-123","52","14"
"video0052_frame0007_R128x128.png","10202","84","32.251586914062","-33","108","8.242919921875","0","84","24.008666992188","-128","52","15"
"video0052_frame0008_R128x128.png","10517","74","29.594848632812","-26","113","5.9989013671875","0","74","23.595947265625","-126","52","16"
"video0053_frame0001_R128x128.png","0","17","-2.630859375","-31","107","13.161560058594","0","10","-15.792419433594","-118","53","1"
"video0053_frame0002_R128x128.png","0","14","-15.659301757812","-40","117","22.690856933594","0","6","-38.350158691406","-146","53","2"
"video0053_frame0003_R128x128.png","43","33","-2.2264404296875","-26","113","19.23046875","0","33","-21.456909179688","-126","53","3"
"video0053_frame0004_R128x128.png","242","62","-6.9786376953125","-34","112","18.9970703125","0","62","-25.975708007812","-132","53","4"
"video0053_frame0005_R128x128.png","860","74","5.5084228515625","-26","113","19.556884765625","0","74","-14.048461914062","-126","53","5"
"video0053_frame0006_R128x128.png","2657","69","11.723693847656","-25","102","16.590270996094","0","69","-4.8665771484375","-113","53","6"
"video0053_frame0007_R128x128.png","3707","72","11.3974609375","-27","108","12.730163574219","0","72","-1.3327026367188","-121","53","7"
"video0053_frame0008_R128x128.png","7984","72","24.121459960938","-25","109","8.304443359375","0","72","15.817016601562","-119","53","8"
